batter_id,batter_name,stand,total_pitches,swing_pct,whiff_pct,contact_pct,csw_pct,zone_swing_pct,chase_pct,vs_ff_whiff_pct,vs_ff_contact_pct,vs_RHP_pitches,vs_RHP_whiff_pct,vs_RHP_xwoba,vs_si_whiff_pct,vs_si_contact_pct,vs_si_xwoba,vs_ff_xwoba,vs_sl_whiff_pct,vs_sl_contact_pct,vs_ch_whiff_pct,vs_ch_contact_pct,vs_ch_xwoba,vs_LHP_pitches,vs_LHP_whiff_pct,vs_LHP_xwoba,velo_90_93_pitches,velo_90_93_whiff_pct,velo_90_93_swing_pct,vs_st_whiff_pct,vs_st_contact_pct,velo_94_96_pitches,velo_94_96_whiff_pct,velo_94_96_swing_pct,avg_exit_velo,max_exit_velo,avg_launch_angle,xwoba,xba,barrel_pct,vs_sl_xwoba
453568,,L,33,0.6666666666666666,0.2727272727272727,0.7272727272727273,0.2727272727272727,0.7894736842105263,0.5,,,,,,,,,,,,,,,,,,,,,,,,,,,,,,,,
455117,,R,32,0.53125,0.4117647058823529,0.5882352941176471,0.375,0.7222222222222222,0.2857142857142857,,,,,,,,,,,,,,,,,,,,,,,,,,,,,,,,
457705,,R,37,0.43243243243243246,0.25,0.75,0.2972972972972973,0.6842105263157895,0.16666666666666666,,,,,,,,,,,,,,,,,,,,,,,,,,,,,,,,
457759,,R,67,0.5074626865671642,0.11764705882352941,0.8823529411764706,0.2537313432835821,0.6666666666666666,0.35294117647058826,0.21428571428571427,0.7857142857142857,,,,,,,,,,,,,,,,,,,,,,,,,,,,,,
467793,,L,74,0.44594594594594594,0.09090909090909091,0.9090909090909091,0.21621621621621623,0.6470588235294118,0.275,,,67.0,0.0967741935483871,0.29583333333333334,,,,,,,,,,,,,,,,,,,,,,,,,,,
500743,,R,31,0.4838709677419355,0.06666666666666667,0.9333333333333333,0.16129032258064516,0.7142857142857143,0.29411764705882354,,,,,,,,,,,,,,,,,,,,,,,,,,,,,,,,
501303,,L,50,0.46,0.43478260869565216,0.5652173913043479,0.42,0.6086956521739131,0.3333333333333333,0.38461538461538464,0.6153846153846154,,,,,,,,,,,,,,,,,,,,,,,,,,,,,,
502054,,R,75,0.44,0.18181818181818182,0.8181818181818181,0.18666666666666668,0.7027027027027027,0.18421052631578946,,,58.0,0.12,0.33406277056277056,,,,,,,,,,,,,,,,,,,,,,,,,,,
502110,,R,61,0.5737704918032787,0.37142857142857144,0.6285714285714286,0.29508196721311475,0.7777777777777778,0.4117647058823529,0.18181818181818182,0.8181818181818181,,,,,,,,,,,,,,,,,,,,,,,,,,,,,,
502671,,R,84,0.38095238095238093,0.375,0.625,0.34523809523809523,0.48717948717948717,0.28888888888888886,0.42857142857142855,0.5714285714285714,66.0,0.3333333333333333,,,,,,,,,,,,,,,,,,,,,,,,,,,,
514888,,R,78,0.6025641025641025,0.23404255319148937,0.7659574468085106,0.24358974358974358,0.75,0.5,,,56.0,0.25,0.32869230769230773,0.07692307692307693,0.9230769230769231,0.38657142857142857,,,,,,,,,,,,,,,,,,,,,,,,
516782,,R,96,0.4895833333333333,0.3404255319148936,0.6595744680851063,0.3541666666666667,0.6190476190476191,0.3888888888888889,0.25,0.75,76.0,0.3055555555555556,0.39909090909090905,,,,,,,,,,,,,,,,,,,,,,,,,,,
518595,,R,28,0.5714285714285714,0.5,0.5,0.5357142857142857,0.5,0.625,,,,,,,,,,,,,,,,,,,,,,,,,,,,,,,,
518692,,L,65,0.5230769230769231,0.17647058823529413,0.8235294117647058,0.2,0.8,0.2857142857142857,,,,,,,,,,,,,,,,,,,,,,,,,,,,,,,,
518735,,L,26,0.46153846153846156,0.16666666666666666,0.8333333333333334,0.3076923076923077,0.5714285714285714,0.3333333333333333,,,,,,,,,,,,,,,,,,,,,,,,,,,,,,,,
519203,,L,61,0.5409836065573771,0.15151515151515152,0.8484848484848485,0.22950819672131148,0.6896551724137931,0.40625,0.125,0.875,51.0,0.13793103448275862,0.40695333333333333,,,,0.40294166666666675,,,,,,,,,,,,,,,,,,,,,,,
519317,,R,66,0.45454545454545453,0.4666666666666667,0.5333333333333333,0.42424242424242425,0.5757575757575758,0.3333333333333333,,,50.0,0.391304347826087,,,,,,,,,,,,,,,,,,,,,,,,,,,,
521692,,R,66,0.6363636363636364,0.2857142857142857,0.7142857142857143,0.22727272727272727,0.8518518518518519,0.48717948717948717,0.21428571428571427,0.7857142857142857,66.0,0.2857142857142857,0.23326603773584909,,,,,,,,,,,,,,,,,,,,,,,,,,,
527038,,R,56,0.3392857142857143,0.05263157894736842,0.9473684210526316,0.32142857142857145,0.46875,0.16666666666666666,,,,,,,,,,,,,,,,,,,,,,,,,,,,,,,,
542194,,R,32,0.5625,0.05555555555555555,0.9444444444444444,0.1875,0.8,0.16666666666666666,,,,,,,,,,,,,,,,,,,,,,,,,,,,,,,,
542303,,R,69,0.5362318840579711,0.40540540540540543,0.5945945945945945,0.30434782608695654,0.8529411764705882,0.22857142857142856,0.42857142857142855,0.5714285714285714,57.0,0.43333333333333335,,,,,,0.5,0.5,,,,,,,,,,,,,,,,,,,,,
542932,,R,13,0.38461538461538464,0.6,0.4,0.38461538461538464,0.6666666666666666,0.14285714285714285,,,,,,,,,,,,,,,,,,,,,,,,,,,,,,,,
543228,,R,11,0.6363636363636364,0.2857142857142857,0.7142857142857143,0.45454545454545453,0.6,1.0,,,,,,,,,,,,,,,,,,,,,,,,,,,,,,,,
543257,,R,46,0.4782608695652174,0.09090909090909091,0.9090909090909091,0.21739130434782608,0.6538461538461539,0.25,,,,,,,,,,,,,,,,,,,,,,,,,,,,,,,,
543309,,R,14,0.35714285714285715,0.2,0.8,0.42857142857142855,0.3333333333333333,0.4,,,,,,,,,,,,,,,,,,,,,,,,,,,,,,,,
543510,,R,28,0.6428571428571429,0.4444444444444444,0.5555555555555556,0.39285714285714285,0.75,0.5,,,,,,,,,,,,,,,,,,,,,,,,,,,,,,,,
543760,,R,82,0.5609756097560976,0.21739130434782608,0.782608695652174,0.23170731707317074,0.868421052631579,0.29545454545454547,0.0,1.0,59.0,0.3125,0.395003367003367,,,,0.4876666666666667,,,,,,,,,,,,,,,,,,,,,,,
543807,,R,71,0.49295774647887325,0.17142857142857143,0.8285714285714285,0.2676056338028169,0.6341463414634146,0.3,0.08333333333333333,0.9166666666666666,,,,,,,0.4094555555555555,,,,,,,,,,,,,,,,,,,,,,,
543877,,R,33,0.5454545454545454,0.3333333333333333,0.6666666666666667,0.3939393939393939,0.5789473684210527,0.5,,,,,,,,,,,,,,,,,,,,,,,,,,,,,,,,
545121,,L,39,0.38461538461538464,0.2,0.8,0.28205128205128205,0.47058823529411764,0.3181818181818182,,,,,,,,,,,,,,,,,,,,,,,,,,,,,,,,
545341,,R,9,0.4444444444444444,0.5,0.5,0.5555555555555556,0.25,0.6,,,,,,,,,,,,,,,,,,,,,,,,,,,,,,,,
547180,,L,75,0.29333333333333333,0.22727272727272727,0.7727272727272727,0.22666666666666666,0.5555555555555556,0.14583333333333334,,,62.0,0.25,,0.0,1.0,,,,,,,,,,,,,,,,,,,,,,,,,
553869,,R,60,0.55,0.21212121212121213,0.7878787878787878,0.23333333333333334,0.8181818181818182,0.2222222222222222,,,,,,0.36363636363636365,0.6363636363636364,,,,,,,,,,,,,,,,,,,,,,,,,
553882,,L,26,0.5384615384615384,0.2857142857142857,0.7142857142857143,0.23076923076923078,0.8333333333333334,0.2857142857142857,,,,,,,,,,,,,,,,,,,,,,,,,,,,,,,,
553993,,R,66,0.45454545454545453,0.23333333333333334,0.7666666666666666,0.2727272727272727,0.6571428571428571,0.22580645161290322,,,66.0,0.23333333333333334,,,,,,,,,,,,,,,,,,,,,,,,,,,,
571448,,R,72,0.375,0.25925925925925924,0.7407407407407407,0.3055555555555556,0.4838709677419355,0.2926829268292683,0.2,0.8,57.0,0.3,,,,,,,,,,,,,,,,,,,,,,,,,,,,
571466,,L,33,0.3939393939393939,0.23076923076923078,0.7692307692307692,0.2727272727272727,0.625,0.17647058823529413,,,,,,,,,,,,,,,,,,,,,,,,,,,,,,,,
571657,,R,13,0.46153846153846156,0.0,1.0,0.23076923076923078,0.625,0.2,,,,,,,,,,,,,,,,,,,,,,,,,,,,,,,,
571745,,R,58,0.3793103448275862,0.2727272727272727,0.7272727272727273,0.29310344827586204,0.6,0.14285714285714285,,,,,,,,,,,,,,,,,,,,,,,,,,,,,,,,
571771,,R,49,0.30612244897959184,0.13333333333333333,0.8666666666666667,0.22448979591836735,0.5333333333333333,0.20588235294117646,,,,,,,,,,,,,,,,,,,,,,,,,,,,,,,,
571912,,R,43,0.4883720930232558,0.3333333333333333,0.6666666666666667,0.32558139534883723,0.7272727272727273,0.23809523809523808,,,,,,,,,,,,,,,,,,,,,,,,,,,,,,,,
571970,,L,35,0.3142857142857143,0.18181818181818182,0.8181818181818181,0.34285714285714286,0.4666666666666667,0.2,,,,,,,,,,,,,,,,,,,,,,,,,,,,,,,,
572138,,L,60,0.4666666666666667,0.21428571428571427,0.7857142857142857,0.26666666666666666,0.6875,0.21428571428571427,0.14285714285714285,0.8571428571428572,51.0,0.21739130434782608,0.39638194444444447,,,,0.3819938271604938,,,,,,,,,,,,,,,,,,,,,,,
572191,,R,27,0.4074074074074074,0.2727272727272727,0.7272727272727273,0.2222222222222222,0.7333333333333333,0.0,,,,,,,,,,,,,,,,,,,,,,,,,,,,,,,,
572233,,R,68,0.47058823529411764,0.28125,0.71875,0.2647058823529412,0.7241379310344828,0.28205128205128205,0.2727272727272727,0.7272727272727273,68.0,0.28125,0.4162002380952382,,,,,,,,,,,,,,,,,,,,,,,,,,,
573262,,L,50,0.4,0.4,0.6,0.34,0.6086956521739131,0.2222222222222222,,,,,,,,,,,,,,,,,,,,,,,,,,,,,,,,
575929,,R,88,0.38636363636363635,0.4117647058823529,0.5882352941176471,0.3409090909090909,0.5897435897435898,0.22448979591836735,0.35714285714285715,0.6428571428571428,72.0,0.43333333333333335,,,,,,,,,,,,,,,,,,,,,,,,,,,,
592192,,R,80,0.3875,0.1935483870967742,0.8064516129032258,0.35,0.5581395348837209,0.1891891891891892,,,59.0,0.17391304347826086,,,,,,,,,,,,,,,,,,,,,,,,,,,,
592206,,R,69,0.5652173913043478,0.28205128205128205,0.717948717948718,0.2898550724637681,0.7058823529411765,0.42857142857142855,,,,,,0.4,0.6,,,,,,,,,,,,,,,,,,,,,,,,,
592273,,R,29,0.4827586206896552,0.2857142857142857,0.7142857142857143,0.3103448275862069,0.7777777777777778,0.35,,,,,,,,,,,,,,,,,,,,,,,,,,,,,,,,
592348,,L,16,0.4375,0.14285714285714285,0.8571428571428572,0.3125,0.6666666666666666,0.14285714285714285,,,,,,,,,,,,,,,,,,,,,,,,,,,,,,,,
592450,,R,75,0.49333333333333335,0.35135135135135137,0.6486486486486487,0.29333333333333333,0.75,0.2564102564102564,,,53.0,0.3333333333333333,,,,,,0.46153846153846156,0.5384615384615384,,,,,,,,,,,,,,,,,,,,,
592518,,R,53,0.5471698113207547,0.3103448275862069,0.6896551724137931,0.2830188679245283,0.7931034482758621,0.25,0.42857142857142855,0.5714285714285714,51.0,0.3333333333333333,0.5712964764667956,,,,0.34959999999999997,,,,,,,,,,,,,,,,,,,,,,,
592626,,L,44,0.45454545454545453,0.2,0.8,0.3409090909090909,0.6206896551724138,0.13333333333333333,,,,,,,,,,,,,,,,,,,,,,,,,,,,,,,,
592663,,R,74,0.36486486486486486,0.1111111111111111,0.8888888888888888,0.25675675675675674,0.5294117647058824,0.225,,,64.0,0.125,,0.0,1.0,,,,,,,,,,,,,,,,,,,,,,,,,
592669,,R,38,0.39473684210526316,0.26666666666666666,0.7333333333333334,0.2894736842105263,0.6111111111111112,0.2,,,,,,,,,,,,,,,,,,,,,,,,,,,,,,,,
592696,,L,44,0.4772727272727273,0.38095238095238093,0.6190476190476191,0.3181818181818182,0.7619047619047619,0.21739130434782608,,,,,,,,,,,,,,,,,,,,,,,,,,,,,,,,
593160,,R,32,0.40625,0.23076923076923078,0.7692307692307692,0.25,0.7692307692307693,0.15789473684210525,,,,,,,,,,,,,,,,,,,,,,,,,,,,,,,,
593428,,R,66,0.5,0.2727272727272727,0.7272727272727273,0.3181818181818182,0.6176470588235294,0.375,0.0,1.0,61.0,0.2903225806451613,,,,,,,,,,,,,,,,,,,,,,,,,,,,
593871,,R,74,0.44594594594594594,0.2727272727272727,0.7272727272727273,0.32432432432432434,0.6153846153846154,0.2571428571428571,,,,,,,,,,,,0.2857142857142857,0.7142857142857143,,,,,,,,,,,,,,,,,,,
594807,,R,30,0.5,0.26666666666666666,0.7333333333333334,0.3333333333333333,0.7333333333333333,0.26666666666666666,,,,,,,,,,,,,,,,,,,,,,,,,,,,,,,,
595281,,L,13,0.6923076923076923,0.2222222222222222,0.7777777777777778,0.15384615384615385,1.0,0.5,,,,,,,,,,,,,,,,,,,,,,,,,,,,,,,,
595777,,L,71,0.49295774647887325,0.14285714285714285,0.8571428571428572,0.18309859154929578,0.7297297297297297,0.23529411764705882,0.14285714285714285,0.8571428571428572,65.0,0.125,0.45946153846153853,,,,,,,,,,,,,,,,,,,,,,,,,,,
595879,,R,29,0.5862068965517241,0.17647058823529413,0.8235294117647058,0.3103448275862069,0.7333333333333333,0.42857142857142855,,,,,,,,,,,,,,,,,,,,,,,,,,,,,,,,
595909,,L,32,0.4375,0.35714285714285715,0.6428571428571428,0.34375,0.6666666666666666,0.23529411764705882,,,,,,,,,,,,,,,,,,,,,,,,,,,,,,,,
595978,,R,10,0.6,0.16666666666666666,0.8333333333333334,0.1,0.8333333333333334,0.25,,,,,,,,,,,,,,,,,,,,,,,,,,,,,,,,
596019,,L,74,0.4594594594594595,0.23529411764705882,0.7647058823529411,0.2702702702702703,0.6585365853658537,0.21212121212121213,0.3333333333333333,0.6666666666666667,63.0,0.2,0.5217980627033423,,,,0.1258,,,,,,,,,,,,,,,,,,,,,,,
596103,,R,19,0.3157894736842105,0.5,0.5,0.42105263157894735,0.45454545454545453,0.125,,,,,,,,,,,,,,,,,,,,,,,,,,,,,,,,
596129,,L,42,0.2619047619047619,0.36363636363636365,0.6363636363636364,0.42857142857142855,0.2857142857142857,0.23809523809523808,,,,,,,,,,,,,,,,,,,,,,,,,,,,,,,,
596146,,L,66,0.42424242424242425,0.17857142857142858,0.8214285714285714,0.16666666666666666,0.7741935483870968,0.11428571428571428,,,52.0,0.14285714285714285,0.3409811355311355,,,,,,,,,,,,,,,,,,,,,,,,,,,
600869,,L,31,0.5161290322580645,0.25,0.75,0.3225806451612903,0.6470588235294118,0.35714285714285715,,,,,,,,,,,,,,,,,,,,,,,,,,,,,,,,
602104,,R,23,0.34782608695652173,0.25,0.75,0.2608695652173913,0.6363636363636364,0.08333333333333333,,,,,,,,,,,,,,,,,,,,,,,,,,,,,,,,
605113,,R,76,0.5921052631578947,0.24444444444444444,0.7555555555555555,0.3026315789473684,0.7111111111111111,0.41935483870967744,,,,,,,,,,,,,,,,,,,,,,,,,,,,,,,,
605131,,R,24,0.4166666666666667,0.2,0.8,0.20833333333333334,0.6923076923076923,0.09090909090909091,,,,,,,,,,,,,,,,,,,,,,,,,,,,,,,,
605137,,R,65,0.36923076923076925,0.16666666666666666,0.8333333333333334,0.2923076923076923,0.5483870967741935,0.20588235294117646,,,,,,,,,,,,0.2,0.8,0.26480000000000004,,,,,,,,,,,,,,,,,,
605141,,R,73,0.3835616438356164,0.03571428571428571,0.9642857142857143,0.2328767123287671,0.5882352941176471,0.20512820512820512,0.0,1.0,,,,,,,0.2879261363636364,,,,,,51.0,0.0,0.24900000000000003,,,,,,,,,,,,,,,
605170,,L,21,0.5714285714285714,0.16666666666666666,0.8333333333333334,0.14285714285714285,0.9,0.2727272727272727,,,,,,,,,,,,,,,,,,,,,,,,,,,,,,,,
605204,,R,31,0.5483870967741935,0.058823529411764705,0.9411764705882353,0.1935483870967742,0.75,0.3333333333333333,,,,,,,,,,,,,,,,,,,,,,,,,,,,,,,,
605361,,L,31,0.45161290322580644,0.14285714285714285,0.8571428571428572,0.22580645161290322,0.6470588235294118,0.21428571428571427,,,,,,,,,,,,,,,,,,,,,,,,,,,,,,,,
606115,,R,46,0.5434782608695652,0.08,0.92,0.1956521739130435,0.7931034482758621,0.11764705882352941,,,,,,,,,,,,,,,,,,,,,,,,,,,,,,,,
606192,,R,83,0.5301204819277109,0.3181818181818182,0.6818181818181819,0.26506024096385544,0.7560975609756098,0.30952380952380953,0.3,0.7,,,,,,,,,,,,,,,,34.0,0.2857142857142857,0.4117647058823529,,,,,,,,,,,,
606466,,R,57,0.47368421052631576,0.2222222222222222,0.7777777777777778,0.21052631578947367,0.7037037037037037,0.26666666666666666,,,56.0,0.23076923076923078,0.4929261538461538,,,,,,,,,,,,,,,,,,,,,,,,,,,
607043,,L,86,0.4186046511627907,0.16666666666666666,0.8333333333333334,0.22093023255813954,0.6521739130434783,0.15,0.2727272727272727,0.7272727272727273,81.0,0.17647058823529413,0.30634545454545453,,,,,,,,,,,,,,,,,,,,,,,,,,,
607208,,R,30,0.5333333333333333,0.3125,0.6875,0.3333333333333333,0.6470588235294118,0.38461538461538464,,,,,,,,,,,,,,,,,,,,,,,,,,,,,,,,
607680,,R,29,0.5172413793103449,0.13333333333333333,0.8666666666666667,0.2413793103448276,0.6470588235294118,0.3333333333333333,,,,,,,,,,,,,,,,,,,,,,,,,,,,,,,,
607732,,R,52,0.5192307692307693,0.25925925925925924,0.7407407407407407,0.2692307692307692,0.7666666666666667,0.18181818181818182,,,,,,,,,,,,,,,,,,,,,,,,,,,,,,,,
608070,,R,96,0.4479166666666667,0.18604651162790697,0.813953488372093,0.20833333333333334,0.6578947368421053,0.3103448275862069,0.18181818181818182,0.8181818181818181,77.0,0.18421052631578946,0.28420555555555554,,,,0.2576380952380953,,,,,,,,,,,,,,,,,,,,,,,
608324,,R,79,0.4810126582278481,0.05263157894736842,0.9473684210526316,0.1518987341772152,0.7435897435897436,0.225,0.0,1.0,72.0,0.058823529411764705,0.24755944055944054,0.0,1.0,,0.2935256410256411,,,,,,,,,,,,,,,,,,,,,,,
608348,,R,24,0.5,0.4166666666666667,0.5833333333333333,0.375,0.6666666666666666,0.3333333333333333,,,,,,,,,,,,,,,,,,,,,,,,,,,,,,,,
608369,,L,74,0.5,0.1891891891891892,0.8108108108108107,0.1891891891891892,0.7837837837837838,0.21621621621621623,,,,,,0.0,1.0,0.3732649071358749,,,,,,,,,,,,,,,,,,,,,,,,
608385,,L,70,0.42857142857142855,0.3333333333333333,0.6666666666666667,0.34285714285714286,0.6,0.2,0.2,0.8,,,,,,,,,,,,,,,,,,,,,,,,,,,,,,
608596,,R,26,0.5,0.3076923076923077,0.6923076923076923,0.34615384615384615,0.625,0.3,,,,,,,,,,,,,,,,,,,,,,,,,,,,,,,,
608671,,L,41,0.4146341463414634,0.058823529411764705,0.9411764705882353,0.2926829268292683,0.6842105263157895,0.18181818181818182,,,,,,,,,,,,,,,,,,,,,,,,,,,,,,,,
608701,,R,45,0.4444444444444444,0.15,0.85,0.26666666666666666,0.6666666666666666,0.19047619047619047,,,,,,,,,,,,,,,,,,,,,,,,,,,,,,,,
608841,,R,77,0.4155844155844156,0.15625,0.84375,0.24675324675324675,0.6060606060606061,0.2727272727272727,0.0,1.0,55.0,0.18181818181818182,,,,,,,,,,,,,,,,,,,,,,,,,,,,
621020,,R,68,0.5147058823529411,0.3142857142857143,0.6857142857142857,0.3088235294117647,0.7777777777777778,0.21875,,,60.0,0.3225806451612903,0.4797610837438423,,,,,0.5,0.5,,,,,,,,,,,,,,,,,,,,,
621028,,R,14,0.42857142857142855,0.0,1.0,0.2857142857142857,0.5555555555555556,0.2,,,,,,,,,,,,,,,,,,,,,,,,,,,,,,,,
621035,,R,30,0.26666666666666666,0.25,0.75,0.26666666666666666,0.5,0.0625,,,,,,,,,,,,,,,,,,,,,,,,,,,,,,,,
621043,,R,71,0.352112676056338,0.2,0.8,0.28169014084507044,0.5625,0.1794871794871795,,,63.0,0.19047619047619047,,,,,,,,,,,,,,,,,0.3076923076923077,0.6923076923076923,,,,,,,,,,
621438,,R,31,0.5483870967741935,0.17647058823529413,0.8235294117647058,0.25806451612903225,0.7333333333333333,0.375,,,,,,,,,,,,,,,,,,,,,,,,,,,,,,,,
621439,,R,5,0.4,0.0,1.0,0.0,1.0,0.25,,,,,,,,,,,,,,,,,,,,,,,,,,,,,,,,
621466,,L,38,0.34210526315789475,0.38461538461538464,0.6153846153846154,0.21052631578947367,0.6666666666666666,0.19230769230769232,,,,,,,,,,,,,,,,,,,,,,,,,,,,,,,,
621493,,R,54,0.5555555555555556,0.13333333333333333,0.8666666666666667,0.2037037037037037,0.7419354838709677,0.30434782608695654,,,,,,,,,,,,,,,,,,,,,,,,,,,,,,,,
621512,,R,33,0.6666666666666666,0.36363636363636365,0.6363636363636364,0.30303030303030304,0.8888888888888888,0.4,,,,,,,,,,,,,,,,,,,,,,,,,,,,,,,,
621550,,R,56,0.39285714285714285,0.18181818181818182,0.8181818181818181,0.2857142857142857,0.5925925925925926,0.20689655172413793,,,,,,,,,,,,,,,,,,,,,,,,,,,,,,,,
621563,,L,17,0.4117647058823529,0.14285714285714285,0.8571428571428572,0.35294117647058826,0.42857142857142855,0.4,,,,,,,,,,,,,,,,,,,,,,,,,,,,,,,,
621566,,L,54,0.48148148148148145,0.23076923076923078,0.7692307692307692,0.2037037037037037,0.8,0.08333333333333333,0.26666666666666666,0.7333333333333334,,,,,,,0.4061666666666666,,,,,,,,,,,,,,,,,,,,,,,
622534,,R,12,0.5833333333333334,0.2857142857142857,0.7142857142857143,0.25,1.0,0.0,,,,,,,,,,,,,,,,,,,,,,,,,,,,,,,,
622761,,R,66,0.5606060606060606,0.2702702702702703,0.7297297297297297,0.25757575757575757,0.8,0.3611111111111111,0.08333333333333333,0.9166666666666666,,,,,,,,,,,,,,,,,,,,,,,,,,,,,,
623912,,R,24,0.6666666666666666,0.4375,0.5625,0.5,0.6666666666666666,0.6666666666666666,,,,,,,,,,,,,,,,,,,,,,,,,,,,,,,,
623993,,L,73,0.4931506849315068,0.1388888888888889,0.8611111111111112,0.2465753424657534,0.5882352941176471,0.41025641025641024,0.1,0.9,,,,,,,0.3859743589743589,,,,,,,,,,,,,,,,,,,,,,,
624413,,R,85,0.49411764705882355,0.40476190476190477,0.5952380952380952,0.36470588235294116,0.6341463414634146,0.36363636363636365,0.2222222222222222,0.7777777777777778,63.0,0.41379310344827586,0.1766,,,,,,,,,,,,,,,,,,,,,,,,,,,
624415,,L,21,0.42857142857142855,0.4444444444444444,0.5555555555555556,0.42857142857142855,0.6153846153846154,0.125,,,,,,,,,,,,,,,,,,,,,,,,,,,,,,,,
624424,,L,56,0.5178571428571429,0.2413793103448276,0.7586206896551724,0.25,0.7575757575757576,0.17391304347826086,0.6,0.4,51.0,0.16,0.529300589028458,,,,,,,,,,,,,,,,,,,,,,,,,,,
624428,,L,23,0.5217391304347826,0.08333333333333333,0.9166666666666666,0.21739130434782608,0.75,0.2727272727272727,,,,,,,,,,,,,,,,,,,,,,,,,,,,,,,,
624431,,R,39,0.41025641025641024,0.25,0.75,0.28205128205128205,0.6,0.21052631578947367,,,,,,,,,,,,,,,,,,,,,,,,,,,,,,,,
624503,,L,46,0.5434782608695652,0.2,0.8,0.15217391304347827,0.9,0.2692307692307692,,,,,,,,,,,,,,,,,,,,,,,,,,,,,,,,
624512,,L,27,0.5185185185185185,0.21428571428571427,0.7857142857142857,0.2962962962962963,0.6428571428571429,0.38461538461538464,,,,,,,,,,,,,,,,,,,,,,,,,,,,,,,,
624585,,R,49,0.5714285714285714,0.17857142857142858,0.8214285714285714,0.20408163265306123,0.8695652173913043,0.3076923076923077,,,,,,,,,,,,,,,,,,,,,,,,,,,,,,,,
624641,,R,60,0.5666666666666667,0.23529411764705882,0.7647058823529411,0.3,0.7037037037037037,0.45454545454545453,,,,,,,,,,,,,,,,,,,,,,,,,,,,,,,,
628451,,R,32,0.5,0.375,0.625,0.3125,0.7692307692307693,0.3157894736842105,,,,,,,,,,,,,,,,,,,,,,,,,,,,,,,,
630105,,L,83,0.5783132530120482,0.14583333333333334,0.8541666666666666,0.2289156626506024,0.8,0.3157894736842105,0.17391304347826086,0.8260869565217391,75.0,0.14285714285714285,0.4765319649390857,,,,0.5109730207872623,,,,,,,,,,,,,,34.0,0.06666666666666667,0.4411764705882353,,,,,,,
640492,,R,13,0.6153846153846154,0.25,0.75,0.23076923076923078,0.8571428571428571,0.3333333333333333,,,,,,,,,,,,,,,,,,,,,,,,,,,,,,,,
641313,,R,60,0.5333333333333333,0.21875,0.78125,0.26666666666666666,0.6666666666666666,0.42424242424242425,,,,,,,,,,,,,,,,,,,,,,,,,,,,,,,,
641343,,L,47,0.3829787234042553,0.3333333333333333,0.6666666666666667,0.3191489361702128,0.5714285714285714,0.23076923076923078,,,,,,,,,,,,,,,,,,,,,,,,,,,,,,,,
641432,,L,34,0.5588235294117647,0.05263157894736842,0.9473684210526316,0.17647058823529413,0.782608695652174,0.09090909090909091,,,,,,,,,,,,,,,,,,,,,,,,,,,,,,,,
641584,,L,22,0.4090909090909091,0.0,1.0,0.18181818181818182,0.6363636363636364,0.18181818181818182,,,,,,,,,,,,,,,,,,,,,,,,,,,,,,,,
641598,,R,69,0.391304347826087,0.37037037037037035,0.6296296296296297,0.34782608695652173,0.53125,0.2702702702702703,,,,,,,,,,,,,,,,,,,,,,,,,,,,,,,,
641658,,R,11,0.2727272727272727,0.3333333333333333,0.6666666666666667,0.2727272727272727,0.3333333333333333,0.25,,,,,,,,,,,,,,,,,,,,,,,,,,,,,,,,
641680,,L,70,0.5,0.05714285714285714,0.9428571428571428,0.18571428571428572,0.6666666666666666,0.3235294117647059,0.0625,0.9375,,,,,,,,,,,,,,,,,,,,,,,,,,,,,,
641857,,L,96,0.4166666666666667,0.15,0.85,0.23958333333333334,0.6296296296296297,0.14285714285714285,0.0,1.0,65.0,0.17857142857142858,,,,,,,,,,,,,,31.0,0.2,0.4838709677419355,,,,,,,,,,,,
641933,,R,74,0.4864864864864865,0.4444444444444444,0.5555555555555556,0.3783783783783784,0.6904761904761905,0.21875,0.5,0.5,,,,,,,,,,,,,,,,,,,,,,,,,,,,,,
642086,,L,54,0.5370370370370371,0.2413793103448276,0.7586206896551724,0.2777777777777778,0.7037037037037037,0.37037037037037035,,,,,,,,,,,,,,,,,,,,,,,,,,,,,,,,
642133,,L,39,0.46153846153846156,0.16666666666666666,0.8333333333333334,0.2564102564102564,0.5714285714285714,0.4,,,,,,,,,,,,,,,,,,,,,,,,,,,,,,,,
642136,,L,35,0.42857142857142855,0.4,0.6,0.37142857142857144,0.5384615384615384,0.36363636363636365,,,,,,,,,,,,,,,,,,,,,,,,,,,,,,,,
642180,,L,33,0.5151515151515151,0.058823529411764705,0.9411764705882353,0.15151515151515152,0.7368421052631579,0.21428571428571427,,,,,,,,,,,,,,,,,,,,,,,,,,,,,,,,
642350,,R,20,0.5,0.3,0.7,0.4,0.6428571428571429,0.16666666666666666,,,,,,,,,,,,,,,,,,,,,,,,,,,,,,,,
642708,,R,49,0.5714285714285714,0.2857142857142857,0.7142857142857143,0.3469387755102041,0.6521739130434783,0.5,,,,,,,,,,,,,,,,,,,,,,,,,,,,,,,,
642715,,R,65,0.49230769230769234,0.15625,0.84375,0.27692307692307694,0.6764705882352942,0.2903225806451613,,,65.0,0.15625,0.44140910749506895,,,,,,,,,,,,,,,,,,,,,,,,,,,
642731,,R,72,0.5,0.0,1.0,0.18055555555555555,0.7045454545454546,0.17857142857142858,,,51.0,0.0,0.2545171717171718,0.0,1.0,0.3000740740740741,,,,,,,,,,,,,,,,,,,,,,,,
643217,,L,44,0.4318181818181818,0.15789473684210525,0.8421052631578947,0.3409090909090909,0.5185185185185185,0.29411764705882354,,,,,,,,,,,,,,,,,,,,,,,,,,,,,,,,
643265,,R,39,0.46153846153846156,0.2222222222222222,0.7777777777777778,0.358974358974359,0.5652173913043478,0.3125,,,,,,,,,,,,,,,,,,,,,,,,,,,,,,,,
643289,,R,35,0.6857142857142857,0.16666666666666666,0.8333333333333334,0.17142857142857143,0.8571428571428571,0.6428571428571429,,,,,,,,,,,,,,,,,,,,,,,,,,,,,,,,
643376,,R,57,0.38596491228070173,0.13636363636363635,0.8636363636363636,0.24561403508771928,0.5517241379310345,0.21428571428571427,,,,,,,,,,,,,,,,,,,,,,,,,,,,,,,,
643396,,R,48,0.5,0.125,0.875,0.3125,0.6071428571428571,0.35,,,,,,,,,,,,,,,,,,,,,,,,,,,,,,,,
643446,,L,83,0.4819277108433735,0.2,0.8,0.2289156626506024,0.6923076923076923,0.29545454545454547,0.06666666666666667,0.9333333333333333,64.0,0.21212121212121213,0.18900000000000003,,,,0.292,,,,,,,,,31.0,0.10526315789473684,0.6129032258064516,,,,,,,,,,,,
643565,,L,89,0.449438202247191,0.175,0.825,0.15730337078651685,0.7619047619047619,0.1702127659574468,0.17647058823529413,0.8235294117647058,69.0,0.2,0.16874999999999998,,,,,,,,,,,,,35.0,0.15384615384615385,0.37142857142857144,,,,,,,,,,,,
644433,,R,14,0.5,0.0,1.0,0.14285714285714285,0.7,0.0,,,,,,,,,,,,,,,,,,,,,,,,,,,,,,,,
645277,,L,64,0.5625,0.2777777777777778,0.7222222222222222,0.25,0.8181818181818182,0.2903225806451613,0.06666666666666667,0.9333333333333333,56.0,0.2413793103448276,0.18053846153846154,,,,0.15766666666666668,,,,,,,,,,,,,,,,,,,,,,,
646240,,L,87,0.45977011494252873,0.325,0.675,0.2988505747126437,0.6444444444444445,0.2619047619047619,0.3333333333333333,0.6666666666666667,,,,,,,,,,,,,,,,,,,,,,,,,,,,,,
647304,,L,63,0.5238095238095238,0.15151515151515152,0.8484848484848485,0.19047619047619047,0.7333333333333333,0.3333333333333333,0.1,0.9,53.0,0.16666666666666666,0.27825000000000005,,,,,,,,,,,,,,,,,,,,,,,,,,,
647351,,L,72,0.4444444444444444,0.21875,0.78125,0.2638888888888889,0.6666666666666666,0.2564102564102564,,,52.0,0.20833333333333334,0.511550303030303,,,,,,,,,,,,,,,,,,,,,,,,,,,
649966,,R,53,0.5094339622641509,0.1111111111111111,0.8888888888888888,0.22641509433962265,0.6923076923076923,0.3333333333333333,,,,,,,,,,0.07692307692307693,0.9230769230769231,,,,,,,,,,,,,,,,,,,,,
650333,,L,62,0.532258064516129,0.06060606060606061,0.9393939393939394,0.25806451612903225,0.5483870967741935,0.5161290322580645,0.0,1.0,54.0,0.06896551724137931,0.4026111111111111,,,,0.6096250000000001,,,,,,,,,,,,,,,,,86.95714285714287,103.8,7.428571428571429,0.39414285714285713,0.410904761904762,0.0,
650391,,R,45,0.5777777777777777,0.11538461538461539,0.8846153846153846,0.15555555555555556,0.8260869565217391,0.3181818181818182,,,,,,,,,,,,,,,,,,,,,,,,,,,,,,,,
650402,,R,82,0.45121951219512196,0.24324324324324326,0.7567567567567568,0.3048780487804878,0.6666666666666666,0.1891891891891892,,,58.0,0.23076923076923078,,0.2222222222222222,0.7777777777777778,,,0.2222222222222222,0.7777777777777778,,,,,,,,,,,,,,,,,,,,,
650489,,L,56,0.6071428571428571,0.20588235294117646,0.7941176470588236,0.23214285714285715,0.8,0.38461538461538464,,,52.0,0.1935483870967742,0.4445795435333897,,,,,,,,,,,,,,,,,,,,,,,,,,,
650490,,R,76,0.4473684210526316,0.08823529411764706,0.9117647058823529,0.17105263157894737,0.6842105263157895,0.21052631578947367,,,54.0,0.12,0.37182843137254906,0.0,1.0,0.46099999999999997,,,,,,,,,,,,,,,,,,,,,,,,
650559,,R,73,0.4520547945205479,0.36363636363636365,0.6363636363636364,0.3287671232876712,0.6060606060606061,0.325,,,59.0,0.44,,,,,,,,,,,,,,,,,,,,,,,,,,,,
650859,,L,37,0.5675675675675675,0.14285714285714285,0.8571428571428572,0.21621621621621623,0.9333333333333333,0.3181818181818182,,,,,,,,,,,,,,,,,,,,,,,,,,,,,,,,
656180,,R,19,0.47368421052631576,0.5555555555555556,0.4444444444444444,0.5263157894736842,0.6363636363636364,0.25,,,,,,,,,,,,,,,,,,,,,,,,,,,,,,,,
656248,,R,27,0.4444444444444444,0.25,0.75,0.2962962962962963,0.6666666666666666,0.26666666666666666,,,,,,,,,,,,,,,,,,,,,,,,,,,,,,,,
656305,,R,88,0.45454545454545453,0.225,0.775,0.29545454545454547,0.6136363636363636,0.29545454545454547,0.5,0.5,77.0,0.28125,,,,,,,,,,,,,,,,,,,,,,,,,,,,
656413,,R,26,0.5384615384615384,0.7142857142857143,0.2857142857142857,0.5384615384615384,0.6923076923076923,0.38461538461538464,,,,,,,,,,,,,,,,,,,,,,,,,,,,,,,,
656555,,R,66,0.45454545454545453,0.2,0.8,0.3333333333333333,0.525,0.34615384615384615,,,66.0,0.2,0.2842448275862069,,,,,,,,,,,,,,,,,,,,,,,,,,,
656577,,R,33,0.5757575757575758,0.42105263157894735,0.5789473684210527,0.36363636363636365,0.7692307692307693,0.45,,,,,,,,,,,,,,,,,,,,,,,,,,,,,,,,
656582,,R,57,0.38596491228070173,0.22727272727272727,0.7727272727272727,0.3508771929824561,0.5384615384615384,0.25806451612903225,0.2222222222222222,0.7777777777777778,,,,,,,,,,,,,,,,,,,,,,,,,,,,,,
656716,,L,35,0.45714285714285713,0.25,0.75,0.3142857142857143,0.5555555555555556,0.35294117647058826,,,,,,,,,,,,,,,,,,,,,,,,,,,,,,,,
656775,,L,50,0.5,0.24,0.76,0.26,0.7391304347826086,0.2962962962962963,0.07692307692307693,0.9230769230769231,,,,,,,,,,,,,,,,,,,,,,,,,,,,,,
656811,,L,37,0.4864864864864865,0.1111111111111111,0.8888888888888888,0.21621621621621623,0.7,0.23529411764705882,,,,,,,,,,,,,,,,,,,,,,,,,,,,,,,,
656896,,R,64,0.4375,0.2857142857142857,0.7142857142857143,0.3125,0.6,0.29411764705882354,0.25,0.75,,,,,,,,,,,,,,,,,,,,,,,,,,,,,,
656941,,L,88,0.4090909090909091,0.19444444444444445,0.8055555555555556,0.3068181818181818,0.525,0.3125,,,71.0,0.1875,,0.0,1.0,,,,,,,,,,,,,,,,,,,,,,,,,
656976,,L,34,0.4117647058823529,0.14285714285714285,0.8571428571428572,0.2647058823529412,0.55,0.21428571428571427,,,,,,,,,,,,,,,,,,,,,,,,,,,,,,,,
657061,,L,14,0.35714285714285715,0.4,0.6,0.5714285714285714,0.375,0.3333333333333333,,,,,,,,,,,,,,,,,,,,,,,,,,,,,,,,
657077,,L,74,0.4864864864864865,0.16666666666666666,0.8333333333333334,0.2702702702702703,0.6585365853658537,0.2727272727272727,,,,,,,,,,0.0,1.0,,,,,,,,,,,,,,,,,,,,,
657136,,R,46,0.45652173913043476,0.3333333333333333,0.6666666666666667,0.2826086956521739,0.7142857142857143,0.24,,,,,,,,,,,,,,,,,,,,,,,,,,,,,,,,
657557,,R,53,0.6037735849056604,0.34375,0.65625,0.2830188679245283,0.8571428571428571,0.32,,,50.0,0.3333333333333333,,,,,,,,,,,,,,,,,,,,,,,,,,,,
657656,,R,36,0.4444444444444444,0.5625,0.4375,0.3888888888888889,0.6666666666666666,0.2857142857142857,,,,,,,,,,,,,,,,,,,,,,,,,,,,,,,,
657757,,L,49,0.4489795918367347,0.18181818181818182,0.8181818181818181,0.30612244897959184,0.5769230769230769,0.30434782608695654,,,,,,,,,,,,,,,,,,,,,,,,,,,,,,,,
658668,,R,43,0.46511627906976744,0.2,0.8,0.32558139534883723,0.5,0.43478260869565216,,,,,,,,,,,,,,,,,,,,,,,,,,,,,,,,
660271,,L,59,0.4745762711864407,0.2857142857142857,0.7142857142857143,0.3050847457627119,0.6764705882352942,0.2,0.18181818181818182,0.8181818181818181,,,,,,,0.8332664251207731,,,,,,,,,,,,,,,,,,,,,,,
660644,,R,59,0.5084745762711864,0.2,0.8,0.2033898305084746,0.8387096774193549,0.14285714285714285,,,53.0,0.2,0.1996363636363636,,,,,,,,,,,,,,,,,,,,,,,,,,,
660670,,R,72,0.5,0.3333333333333333,0.6666666666666667,0.2777777777777778,0.717948717948718,0.24242424242424243,0.17647058823529413,0.8235294117647058,57.0,0.36666666666666664,0.5163083172147002,,,,0.5533471953578336,,,,,,,,,,,,,,,,,,,,,,,
660688,,L,79,0.45569620253164556,0.1111111111111111,0.8888888888888888,0.25316455696202533,0.5428571428571428,0.38636363636363635,,,57.0,0.13043478260869565,0.2209,,,,,,,,,,,,,,,,,,,,,,,,,,,
660707,,R,77,0.5454545454545454,0.30952380952380953,0.6904761904761905,0.33766233766233766,0.6111111111111112,0.4878048780487805,,,,,,,,,,,,,,,,,,,,,,,,,,,,,,,,
660821,,L,79,0.5949367088607594,0.2765957446808511,0.7234042553191489,0.22784810126582278,0.78125,0.46808510638297873,0.18181818181818182,0.8181818181818181,64.0,0.3333333333333333,0.2659090909090909,,,,,,,,,,,,,,,,,,,,,,,,,,,
661388,,R,68,0.45588235294117646,0.2903225806451613,0.7096774193548387,0.29411764705882354,0.6875,0.25,,,68.0,0.2903225806451613,0.5891547110783951,,,,,,,,,,,,,,,,,,,,,,,,,,,
662139,,L,76,0.3684210526315789,0.10714285714285714,0.8928571428571429,0.25,0.5384615384615384,0.1891891891891892,,,58.0,0.05,0.29300000000000004,0.14285714285714285,0.8571428571428572,,,,,,,,,,,,,,,,,,,,,,,,,
663330,,R,5,0.4,0.5,0.5,0.4,0.5,0.3333333333333333,,,,,,,,,,,,,,,,,,,,,,,,,,,,,,,,
663368,,L,60,0.43333333333333335,0.34615384615384615,0.6538461538461539,0.4,0.5757575757575758,0.25925925925925924,0.36363636363636365,0.6363636363636364,56.0,0.3333333333333333,,,,,,,,,,,,,,,,,,,,,,,,,,,,
663457,,L,51,0.5294117647058824,0.14814814814814814,0.8518518518518519,0.27450980392156865,0.7272727272727273,0.16666666666666666,,,,,,,,,,,,,,,,,,,,,,,,,,,,,,,,
663527,,R,66,0.4393939393939394,0.3448275862068966,0.6551724137931034,0.3181818181818182,0.6774193548387096,0.22857142857142856,,,,,,,,,,,,,,,,,,,,,,,,,,,,,,,,
663538,,R,78,0.47435897435897434,0.10810810810810811,0.8918918918918919,0.2692307692307692,0.5641025641025641,0.38461538461538464,0.0,1.0,73.0,0.11428571428571428,0.39076658141517473,,,,0.3727608695652174,,,,,,,,,,,,,,,,,,,,,,,
663550,,L,8,0.75,0.16666666666666666,0.8333333333333334,0.125,1.0,0.0,,,,,,,,,,,,,,,,,,,,,,,,,,,,,,,,
663586,,R,68,0.4852941176470588,0.18181818181818182,0.8181818181818181,0.20588235294117646,0.7878787878787878,0.2,0.0,1.0,56.0,0.23076923076923078,0.48571861471861477,,,,0.6176,0.4444444444444444,0.5555555555555556,,,,,,,,,,,,,,,,,,,,,
663611,,R,14,0.5,0.0,1.0,0.14285714285714285,0.6666666666666666,0.375,,,,,,,,,,,,,,,,,,,,,,,,,,,,,,,,
663616,,L,42,0.4523809523809524,0.21052631578947367,0.7894736842105263,0.2857142857142857,0.55,0.36363636363636365,,,,,,,,,,,,,,,,,,,,,,,,,,,,,,,,
663624,,R,92,0.5760869565217391,0.22641509433962265,0.7735849056603774,0.2717391304347826,0.6862745098039216,0.43902439024390244,0.15,0.85,,,,,,,0.3938,0.25,0.75,,,,,,,,,,,,,,,,,,,,,
663630,,R,22,0.5,0.18181818181818182,0.8181818181818181,0.13636363636363635,0.8181818181818182,0.18181818181818182,,,,,,,,,,,,,,,,,,,,,,,,,,,,,,,,
663647,,R,63,0.42857142857142855,0.07407407407407407,0.9259259259259259,0.2698412698412698,0.5882352941176471,0.2413793103448276,0.1111111111111111,0.8888888888888888,51.0,0.09523809523809523,0.27818181818181814,,,,,,,,,,,,,,,,,,,,,,,,,,,
663656,,L,78,0.47435897435897434,0.1891891891891892,0.8108108108108107,0.20512820512820512,0.7692307692307693,0.1794871794871795,0.15789473684210525,0.8421052631578947,53.0,0.07692307692307693,,,,,0.3737819548872181,,,,,,,,,,,,,,,,,,,,,,,
663697,,R,68,0.3382352941176471,0.2608695652173913,0.7391304347826086,0.29411764705882354,0.5333333333333333,0.18421052631578946,0.125,0.875,,,,,,,,,,,,,,,,,,,,,,,,,,,,,,
663698,,R,11,0.36363636363636365,0.75,0.25,0.45454545454545453,0.3333333333333333,0.375,,,,,,,,,,,,,,,,,,,,,,,,,,,,,,,,
663728,,R,65,0.5230769230769231,0.38235294117647056,0.6176470588235294,0.36923076923076925,0.6285714285714286,0.4,,,,,,,,,,,,,,,,,,,,,,,,,,,,,,,,
663743,,R,28,0.5,0.14285714285714285,0.8571428571428572,0.21428571428571427,0.75,0.16666666666666666,,,,,,,,,,,,,,,,,,,,,,,,,,,,,,,,
663757,,L,33,0.18181818181818182,0.16666666666666666,0.8333333333333334,0.42424242424242425,0.2222222222222222,0.13333333333333333,,,,,,,,,,,,,,,,,,,,,,,,,,,,,,,,
663837,,R,56,0.39285714285714285,0.09090909090909091,0.9090909090909091,0.2857142857142857,0.5862068965517241,0.18518518518518517,,,,,,,,,,,,,,,,,,,,,,,,,,,,,,,,
663886,,R,21,0.42857142857142855,0.1111111111111111,0.8888888888888888,0.19047619047619047,0.5,0.3333333333333333,,,,,,,,,,,,,,,,,,,,,,,,,,,,,,,,
663897,,R,6,0.3333333333333333,0.5,0.5,0.3333333333333333,0.3333333333333333,0.3333333333333333,,,,,,,,,,,,,,,,,,,,,,,,,,,,,,,,
663898,,R,83,0.37349397590361444,0.0967741935483871,0.9032258064516129,0.27710843373493976,0.5333333333333333,0.18421052631578946,0.0,1.0,62.0,0.11538461538461539,0.42141111111111107,,,,0.6748222222222223,,,,,,,,,,,,,,,,,,,,,,,
663993,,L,100,0.35,0.11428571428571428,0.8857142857142857,0.25,0.5121951219512195,0.23728813559322035,0.15384615384615385,0.8461538461538461,72.0,0.16666666666666666,0.3563636363636364,0.1111111111111111,0.8888888888888888,0.18780000000000002,0.3343333333333333,,,,,,,,,37.0,0.0,0.2972972972972973,,,,,,,,,,,,
664023,,L,81,0.48148148148148145,0.3076923076923077,0.6923076923076923,0.25925925925925924,0.7,0.2682926829268293,0.16666666666666666,0.8333333333333334,71.0,0.3125,,,,,0.40120000000000006,,,0.5,0.5,,,,,30.0,0.15384615384615385,0.43333333333333335,,,,,,,,,,,,
664034,,R,53,0.5660377358490566,0.2,0.8,0.20754716981132076,0.7692307692307693,0.37037037037037035,,,,,,,,,,,,,,,,,,,,,,,,,,,,,,,,
664056,,R,46,0.43478260869565216,0.25,0.75,0.34782608695652173,0.5652173913043478,0.30434782608695654,,,,,,,,,,,,,,,,,,,,,,,,,,,,,,,,
664059,,L,26,0.46153846153846156,0.3333333333333333,0.6666666666666667,0.3076923076923077,0.7272727272727273,0.26666666666666666,,,,,,,,,,,,,,,,,,,,,,,,,,,,,,,,
664238,,R,61,0.4262295081967213,0.11538461538461539,0.8846153846153846,0.22950819672131148,0.6551724137931034,0.21875,,,,,,,,,,,,,,,,,,,,,,,,,,,,,,,,
664314,,L,45,0.5333333333333333,0.375,0.625,0.28888888888888886,0.8461538461538461,0.10526315789473684,0.42105263157894735,0.5789473684210527,,,,,,,0.2598,,,,,,,,,,,,,,,,,,,,,,,
664728,,L,65,0.3384615384615385,0.13636363636363635,0.8636363636363636,0.26153846153846155,0.5357142857142857,0.1891891891891892,,,61.0,0.14285714285714285,0.40589510489510483,,,,,,,,,,,,,,,,,,,,,,,,,,,
664761,,R,45,0.4444444444444444,0.15,0.85,0.26666666666666666,0.64,0.2,,,,,,0.0,1.0,0.5752783702488379,,,,,,,,,,,,,,,,,,,,,,,,
664774,,L,58,0.3103448275862069,0.16666666666666666,0.8333333333333334,0.27586206896551724,0.48,0.18181818181818182,0.2222222222222222,0.7777777777777778,,,,,,,,,,,,,,,,,,,,,,,,,,,,,,
664874,,R,14,0.5,0.2857142857142857,0.7142857142857143,0.35714285714285715,0.6666666666666666,0.2,,,,,,,,,,,,,,,,,,,,,,,,,,,,,,,,
664901,,R,16,0.3125,0.2,0.8,0.4375,0.4,0.2727272727272727,,,,,,,,,,,,,,,,,,,,,,,,,,,,,,,,
664913,,L,22,0.5,0.09090909090909091,0.9090909090909091,0.2727272727272727,0.6666666666666666,0.14285714285714285,,,,,,,,,,,,,,,,,,,,,,,,,,,,,,,,
664983,,L,54,0.46296296296296297,0.12,0.88,0.2222222222222222,0.6296296296296297,0.2962962962962963,0.0,1.0,,,,,,,0.3786666666666667,,,,,,,,,,,,,,,,,,,,,,,
665161,,R,70,0.4714285714285714,0.2727272727272727,0.7272727272727273,0.24285714285714285,0.6296296296296297,0.37209302325581395,0.1,0.9,56.0,0.2962962962962963,0.26749999999999996,,,,0.594536299765808,,,,,,,,,,,,,,,,,,,,,,,
665487,,R,73,0.5616438356164384,0.34146341463414637,0.6585365853658536,0.2602739726027397,0.8461538461538461,0.23529411764705882,0.3333333333333333,0.6666666666666667,71.0,0.35,0.5532125,,,,,,,,,,,,,,,,,,,,,,,,,,,
665489,,R,72,0.375,0.18518518518518517,0.8148148148148149,0.2777777777777778,0.5405405405405406,0.2,0.1111111111111111,0.8888888888888888,55.0,0.19047619047619047,,,,,,,,,,,,,,,,,,,,,,,,,,,,
665506,,R,17,0.17647058823529413,0.6666666666666666,0.33333333333333337,0.29411764705882354,0.375,0.0,,,,,,,,,,,,,,,,,,,,,,,,,,,,,,,,
665742,,L,93,0.3333333333333333,0.25806451612903225,0.7419354838709677,0.3548387096774194,0.4666666666666667,0.20833333333333334,,,66.0,0.2916666666666667,0.3621714285714286,,,,,,,,,,,,,,,,,,36.0,0.2857142857142857,0.3888888888888889,,,,,,,
665750,,L,56,0.44642857142857145,0.28,0.72,0.25,0.7272727272727273,0.2647058823529412,,,,,,,,,,,,,,,,,,,,,,,,,,,,,,,,
665804,,R,62,0.5,0.22580645161290322,0.7741935483870968,0.22580645161290322,0.6896551724137931,0.3333333333333333,,,57.0,0.2413793103448276,,,,,,,,,,,,,,,,,,,,,,,,,,,,
665828,,L,50,0.5,0.24,0.76,0.38,0.5555555555555556,0.43478260869565216,,,,,,,,,,,,,,,,,,,,,,,,,,,,,,,,
665833,,L,62,0.4838709677419355,0.2,0.8,0.3064516129032258,0.6071428571428571,0.38235294117647056,,,51.0,0.13043478260869565,,,,,,,,,,,,,,,,,,,,,,,,,,,,
665839,,L,10,0.6,0.16666666666666666,0.8333333333333334,0.3,0.5,0.6666666666666666,,,,,,,,,,,,,,,,,,,,,,,,,,,,,,,,
665862,,L,92,0.5434782608695652,0.3,0.7,0.2826086956521739,0.7435897435897436,0.39622641509433965,,,61.0,0.28125,,,,,,,,,,,,,,,,,,,,,,,,,,,,
665877,,R,27,0.2962962962962963,0.125,0.875,0.25925925925925924,0.5,0.07692307692307693,,,,,,,,,,,,,,,,,,,,,,,,,,,,,,,,
665923,,R,29,0.41379310344827586,0.3333333333333333,0.6666666666666667,0.3793103448275862,0.5,0.3333333333333333,,,,,,,,,,,,,,,,,,,,,,,,,,,,,,,,
665926,,L,83,0.5301204819277109,0.13636363636363635,0.8636363636363636,0.20481927710843373,0.7333333333333333,0.2894736842105263,0.25,0.75,63.0,0.12121212121212122,0.34858974358974365,,,,0.2996666666666667,,,,,,,,,,,,,,,,,,,,,,,
666023,,R,24,0.5833333333333334,0.2857142857142857,0.7142857142857143,0.375,0.6428571428571429,0.5,,,,,,,,,,,,,,,,,,,,,,,,,,,,,,,,
666135,,L,45,0.5111111111111111,0.21739130434782608,0.782608695652174,0.28888888888888886,0.6,0.44,,,,,,,,,,,,,,,,,,,,,,,,,,,,,,,,
666149,,R,18,0.3888888888888889,0.42857142857142855,0.5714285714285714,0.3888888888888889,0.5,0.3,,,,,,,,,,,,,,,,,,,,,,,,,,,,,,,,
666152,,L,23,0.34782608695652173,0.25,0.75,0.2608695652173913,0.8,0.0,,,,,,,,,,,,,,,,,,,,,,,,,,,,,,,,
666158,,L,18,0.4444444444444444,0.125,0.875,0.2777777777777778,0.6363636363636364,0.14285714285714285,,,,,,,,,,,,,,,,,,,,,,,,,,,,,,,,
666160,,L,50,0.58,0.20689655172413793,0.7931034482758621,0.2,0.8518518518518519,0.2608695652173913,0.07142857142857142,0.9285714285714286,,,,,,,0.5815905797101449,,,,,,,,,,,,,,,,,,,,,,,
666163,,L,37,0.40540540540540543,0.2,0.8,0.2702702702702703,0.5789473684210527,0.2222222222222222,,,,,,,,,,,,,,,,,,,,,,,,,,,,,,,,
666165,,L,11,0.6363636363636364,0.42857142857142855,0.5714285714285714,0.45454545454545453,0.6666666666666666,0.6,,,,,,,,,,,,,,,,,,,,,,,,,,,,,,,,
666176,,R,65,0.46153846153846156,0.3,0.7,0.27692307692307694,0.75,0.24324324324324326,0.2727272727272727,0.7272727272727273,58.0,0.25925925925925924,,,,,,,,,,,,,,,,,,,,,,,,,,,,
666181,,L,46,0.5217391304347826,0.4166666666666667,0.5833333333333333,0.30434782608695654,0.8,0.19047619047619047,0.5,0.5,,,,,,,,,,,,,,,,,,,,,,,,,,,,,,
666182,,R,49,0.5714285714285714,0.14285714285714285,0.8571428571428572,0.20408163265306123,0.8518518518518519,0.22727272727272727,,,,,,,,,,,,,,,,,,,,,,,,,,,,,,,,
666185,,L,12,0.6666666666666666,0.25,0.75,0.25,0.8,0.5714285714285714,,,,,,,,,,,,,,,,,,,,,,,,,,,,,,,,
666310,,L,69,0.4927536231884058,0.4411764705882353,0.5588235294117647,0.37681159420289856,0.6666666666666666,0.30303030303030304,,,,,,,,,,,,,,,,,,,,,,,,,,,,,,,,
666397,,L,66,0.30303030303030304,0.5,0.5,0.3787878787878788,0.5357142857142857,0.13157894736842105,,,56.0,0.4375,,,,,,,,,,,,,,,,,,,,,,,,,,,,
666624,,R,89,0.34831460674157305,0.3225806451612903,0.6774193548387097,0.30337078651685395,0.5641025641025641,0.18,0.2222222222222222,0.7777777777777778,76.0,0.32142857142857145,0.5686082887700534,,,,,0.7142857142857143,0.2857142857142857,,,,,,,,,,,,,,,,,,,,,
666703,,R,11,0.45454545454545453,0.6,0.4,0.45454545454545453,0.75,0.2857142857142857,,,,,,,,,,,,,,,,,,,,,,,,,,,,,,,,
666915,,R,12,0.3333333333333333,0.25,0.75,0.25,0.0,0.4,,,,,,,,,,,,,,,,,,,,,,,,,,,,,,,,
666969,,R,76,0.5789473684210527,0.2727272727272727,0.7272727272727273,0.23684210526315788,0.8333333333333334,0.35,0.23076923076923078,0.7692307692307692,55.0,0.34375,0.1476,,,,,,,,,,,,,,,,,,,,,,,,,,,
666971,,R,43,0.5348837209302325,0.13043478260869565,0.8695652173913043,0.18604651162790697,0.75,0.2631578947368421,,,,,,,,,,,,,,,,,,,,,,,,,,,,,,,,
667472,,R,55,0.2909090909090909,0.25,0.75,0.32727272727272727,0.44,0.16666666666666666,,,,,,,,,,,,,,,,,,,,,,,,,,,,,,,,
667670,,R,46,0.3695652173913043,0.058823529411764705,0.9411764705882353,0.1956521739130435,0.64,0.047619047619047616,,,,,,,,,,,,,,,,,,,,,,,,,,,,,,,,
668227,,R,80,0.3625,0.4482758620689655,0.5517241379310345,0.35,0.6666666666666666,0.18,,,71.0,0.4642857142857143,,0.5714285714285714,0.4285714285714286,,,,,,,,,,,,,,,,,,,,,,,,,
668670,,R,16,0.5,0.25,0.75,0.4375,0.6666666666666666,0.0,,,,,,,,,,,,,,,,,,,,,,,,,,,,,,,,
668709,,L,63,0.2857142857142857,0.05555555555555555,0.9444444444444444,0.2222222222222222,0.5,0.09090909090909091,,,,,,,,,,,,,,,,,,,,,,,,,,,,,,,,
668715,,R,59,0.4745762711864407,0.17857142857142858,0.8214285714285714,0.288135593220339,0.6363636363636364,0.2692307692307692,,,,,,,,,,,,,,,,,,,,,,,,,,,,,,,,
668800,,R,14,0.42857142857142855,0.0,1.0,0.21428571428571427,0.5714285714285714,0.2857142857142857,,,,,,,,,,,,,,,,,,,,,,,,,,,,,,,,
668804,,L,64,0.515625,0.2727272727272727,0.7272727272727273,0.296875,0.75,0.21428571428571427,,,56.0,0.3,,,,,,,,,,,,,,,,,,,,,,,,,,,,
668832,,L,33,0.36363636363636365,0.25,0.75,0.30303030303030304,0.5625,0.17647058823529413,,,,,,,,,,,,,,,,,,,,,,,,,,,,,,,,
668853,,L,32,0.3125,0.1,0.9,0.28125,0.5,0.125,,,,,,,,,,,,,,,,,,,,,,,,,,,,,,,,
668885,,R,15,0.3333333333333333,0.2,0.8,0.3333333333333333,0.4444444444444444,0.16666666666666666,,,,,,,,,,,,,,,,,,,,,,,,,,,,,,,,
668930,,L,63,0.42857142857142855,0.14814814814814814,0.8518518518518519,0.2857142857142857,0.47058823529411764,0.3793103448275862,0.09090909090909091,0.9090909090909091,50.0,0.14285714285714285,0.2894333333333333,,,,,,,,,,,,,,,,,,,,,,,,,,,
668939,,L,80,0.4625,0.21621621621621623,0.7837837837837838,0.325,0.525,0.4,0.125,0.875,,,,,,,0.32098650793650796,,,,,,,,,,,,,,,,,,,,,,,
668942,,L,38,0.42105263157894735,0.25,0.75,0.3684210526315789,0.5833333333333334,0.14285714285714285,,,,,,,,,,,,,,,,,,,,,,,,,,,,,,,,
669004,,L,46,0.5434782608695652,0.2,0.8,0.2608695652173913,0.7272727272727273,0.375,,,,,,,,,,,,,,,,,,,,,,,,,,,,,,,,
669016,,L,49,0.42857142857142855,0.3333333333333333,0.6666666666666667,0.32653061224489793,0.5909090909090909,0.2962962962962963,,,,,,0.125,0.875,,,,,,,,,,,,,,,,,,,,,,,,,
669127,,R,46,0.4782608695652174,0.2727272727272727,0.7272727272727273,0.2608695652173913,0.7,0.3076923076923077,,,,,,,,,,,,,,,,,,,,,,,,,,,,,,,,
669134,,R,28,0.6071428571428571,0.0,1.0,0.07142857142857142,0.8823529411764706,0.18181818181818182,,,,,,,,,,,,,,,,,,,,,,,,,,,,,,,,
669222,,R,85,0.3764705882352941,0.1875,0.8125,0.2823529411764706,0.574468085106383,0.13157894736842105,0.0,1.0,55.0,0.25,,,,,,,,,,,,,,,,,,,,,,,,,,,,
669224,,L,25,0.48,0.08333333333333333,0.9166666666666666,0.24,0.6428571428571429,0.2727272727272727,,,,,,,,,,,,,,,,,,,,,,,,,,,,,,,,
669257,,R,53,0.4528301886792453,0.20833333333333334,0.7916666666666666,0.3018867924528302,0.5666666666666667,0.30434782608695654,,,,,,,,,,,,,,,,,,,,,,,,,,,,,,,,
669261,,L,30,0.5333333333333333,0.3125,0.6875,0.4,0.6666666666666666,0.3333333333333333,,,,,,,,,,,,,,,,,,,,,,,,,,,,,,,,
669289,,R,42,0.42857142857142855,0.05555555555555555,0.9444444444444444,0.21428571428571427,0.6086956521739131,0.21052631578947367,,,,,,,,,,,,,,,,,,,,,,,,,,,,,,,,
669304,,R,54,0.46296296296296297,0.16,0.84,0.25925925925925924,0.5925925925925926,0.3333333333333333,,,,,,,,,,,,,,,,,,,,,,,,,,,,,,,,
669357,,L,42,0.5,0.2857142857142857,0.7142857142857143,0.21428571428571427,0.7777777777777778,0.2916666666666667,,,,,,,,,,,,,,,,,,,,,,,,,,,,,,,,
669699,,L,39,0.5641025641025641,0.18181818181818182,0.8181818181818181,0.28205128205128205,0.68,0.35714285714285715,,,,,,,,,,,,,,,,,,,,,,,,,,,,,,,,
669701,,L,87,0.40229885057471265,0.34285714285714286,0.6571428571428571,0.3333333333333333,0.5897435897435898,0.25,0.18181818181818182,0.8181818181818181,61.0,0.36,,,,,,,,,,,,,,33.0,0.14285714285714285,0.42424242424242425,,,,,,,,,,,,
669707,,R,57,0.43859649122807015,0.28,0.72,0.2807017543859649,0.6551724137931034,0.21428571428571427,,,,,,,,,,,,,,,,,,,,,,,,,,,,,,,,
669743,,R,56,0.4642857142857143,0.2692307692307692,0.7307692307692308,0.30357142857142855,0.6153846153846154,0.3333333333333333,0.2222222222222222,0.7777777777777778,,,,,,,,,,,,,,,,,,,,,,,,,,,,,,
670032,,L,43,0.46511627906976744,0.2,0.8,0.3023255813953488,0.625,0.2631578947368421,,,,,,,,,,,,,,,,,,,,,,,,,,,,,,,,
670042,,L,33,0.42424242424242425,0.2857142857142857,0.7142857142857143,0.24242424242424243,0.6363636363636364,0.3181818181818182,,,,,,,,,,,,,,,,,,,,,,,,,,,,,,,,
670097,,R,36,0.4722222222222222,0.23529411764705882,0.7647058823529411,0.3055555555555556,0.6666666666666666,0.2,,,,,,,,,,,,,,,,,,,,,,,,,,,,,,,,
670223,,L,26,0.5384615384615384,0.5,0.5,0.38461538461538464,0.7692307692307693,0.3076923076923077,,,,,,,,,,,,,,,,,,,,,,,,,,,,,,,,
670541,,L,74,0.47297297297297297,0.2,0.8,0.24324324324324326,0.6428571428571429,0.3695652173913043,0.0625,0.9375,51.0,0.20833333333333334,,,,,0.25695833333333334,,,,,,,,,,,,,,,,,,,,,,,
670623,,R,64,0.34375,0.09090909090909091,0.9090909090909091,0.25,0.4782608695652174,0.2682926829268293,,,51.0,0.1111111111111111,,,,,,,,,,,,,,,,,,,,,,,,,,,,
671056,,R,16,0.625,0.2,0.8,0.25,0.9,0.16666666666666666,,,,,,,,,,,,,,,,,,,,,,,,,,,,,,,,
671277,,L,66,0.42424242424242425,0.17857142857142858,0.8214285714285714,0.2727272727272727,0.6176470588235294,0.21875,0.0,1.0,,,,,,,,,,,,,,,,,,,,,,,,,,,,,,
671289,,R,47,0.44680851063829785,0.19047619047619047,0.8095238095238095,0.2553191489361702,0.6666666666666666,0.15,,,,,,,,,,,,,,,,,,,,,,,,,,,,,,,,
671732,,L,33,0.5454545454545454,0.2222222222222222,0.7777777777777778,0.21212121212121213,0.7333333333333333,0.3888888888888889,,,,,,,,,,,,,,,,,,,,,,,,,,,,,,,,
671739,,L,45,0.7111111111111111,0.25,0.75,0.24444444444444444,0.8846153846153846,0.47368421052631576,,,,,,,,,,,,,,,,,,,,,,,,,,,,,,,,
672012,,L,65,0.4307692307692308,0.25,0.75,0.3076923076923077,0.6060606060606061,0.25,0.0,1.0,65.0,0.25,,,,,,,,,,,,,,,,,,,,,,,,,,,,
672275,,L,21,0.2857142857142857,0.16666666666666666,0.8333333333333334,0.23809523809523808,0.4166666666666667,0.1111111111111111,,,,,,,,,,,,,,,,,,,,,,,,,,,,,,,,
672279,,L,37,0.5405405405405406,0.3,0.7,0.32432432432432434,0.6875,0.42857142857142855,,,,,,,,,,,,,,,,,,,,,,,,,,,,,,,,
672284,,L,37,0.4864864864864865,0.3333333333333333,0.6666666666666667,0.2972972972972973,0.7,0.23529411764705882,,,,,,,,,,,,,,,,,,,,,,,,,,,,,,,,
672356,,R,43,0.6511627906976745,0.6071428571428571,0.3928571428571429,0.5116279069767442,0.8076923076923077,0.4117647058823529,,,,,,,,,,,,,,,,,,,,,,,,,,,,,,,,
672386,,R,18,0.2777777777777778,0.2,0.8,0.2777777777777778,0.5555555555555556,0.0,,,,,,,,,,,,,,,,,,,,,,,,,,,,,,,,
672515,,R,40,0.55,0.09090909090909091,0.9090909090909091,0.175,0.75,0.25,,,,,,,,,,,,,,,,,,,,,,,,,,,,,,,,
672580,,R,76,0.4342105263157895,0.2727272727272727,0.7272727272727273,0.3157894736842105,0.5945945945945946,0.28205128205128205,0.16666666666666666,0.8333333333333334,76.0,0.2727272727272727,0.3161818181818182,,,,,0.42857142857142855,0.5714285714285714,,,,,,,,,,,,,,,,,,,,,0.31980000000000003
672640,,R,21,0.5714285714285714,0.0,1.0,0.047619047619047616,0.9090909090909091,0.2,,,,,,,,,,,,,,,,,,,,,,,,,,,,,,,,
672761,,L,59,0.3050847457627119,0.2222222222222222,0.7777777777777778,0.3050847457627119,0.42857142857142855,0.23684210526315788,,,,,,,,,,,,,,,,,,,,,,,,,,,,,,,,
673237,,R,70,0.6714285714285714,0.1276595744680851,0.8723404255319149,0.2,0.78125,0.5789473684210527,,,,,,,,,,,,,,,,,,,,,,,,,,,,,,,,
673490,,R,76,0.3815789473684211,0.2413793103448276,0.7586206896551724,0.3157894736842105,0.5853658536585366,0.14285714285714285,,,70.0,0.25,0.376827380952381,0.26666666666666666,0.7333333333333334,0.23379591836734695,,,,,,,,,,,,,,,,,,,,,,,,
675961,,R,8,0.75,0.5,0.5,0.5,0.8,0.6666666666666666,,,,,,,,,,,,,,,,,,,,,,,,,,,,,,,,
676059,,R,78,0.5769230769230769,0.24444444444444444,0.7555555555555555,0.2948717948717949,0.7435897435897436,0.41025641025641024,0.21052631578947367,0.7894736842105263,,,,,,,,,,,,,,,,,,,,,,,,,,,,,,
676116,,L,16,0.5625,0.4444444444444444,0.5555555555555556,0.3125,0.875,0.25,,,,,,,,,,,,,,,,,,,,,,,,,,,,,,,,
676356,,R,38,0.631578947368421,0.16666666666666666,0.8333333333333334,0.21052631578947367,0.75,0.5,,,,,,,,,,,,,,,,,,,,,,,,,,,,,,,,
676369,,R,38,0.47368421052631576,0.2777777777777778,0.7222222222222222,0.2631578947368421,0.75,0.16666666666666666,,,,,,,,,,,,,,,,,,,,,,,,,,,,,,,,
676391,,R,21,0.5714285714285714,0.25,0.75,0.23809523809523808,0.7142857142857143,0.2857142857142857,,,,,,,,,,,,,,,,,,,,,,,,,,,,,,,,
676475,,L,50,0.56,0.17857142857142858,0.8214285714285714,0.26,0.7916666666666666,0.34615384615384615,,,,,,,,,,,,,,,,,,,,,,,,,,,,,,,,
676609,,R,66,0.3939393939393939,0.3076923076923077,0.6923076923076923,0.25757575757575757,0.6521739130434783,0.2558139534883721,0.625,0.375,58.0,0.30434782608695654,,,,,,,,,,,,,,,,,,,,,,,,,,,,
676694,,R,38,0.34210526315789475,0.23076923076923078,0.7692307692307692,0.2894736842105263,0.631578947368421,0.05263157894736842,,,,,,,,,,,,,,,,,,,,,,,,,,,,,,,,
676701,,R,5,0.6,0.0,1.0,0.4,0.6666666666666666,0.5,,,,,,,,,,,,,,,,,,,,,,,,,,,,,,,,
676914,,R,49,0.3673469387755102,0.16666666666666666,0.8333333333333334,0.24489795918367346,0.6956521739130435,0.07692307692307693,0.14285714285714285,0.8571428571428572,,,,,,,,,,,,,,,,,,,,,,,,,,,,,,
677008,,L,28,0.35714285714285715,0.5,0.5,0.2857142857142857,0.6923076923076923,0.06666666666666667,,,,,,,,,,,,,,,,,,,,,,,,,,,,,,,,
677587,,L,55,0.4727272727272727,0.2692307692307692,0.7307692307692308,0.3090909090909091,0.6333333333333333,0.28,0.25,0.75,,,,,,,,,,,,,,,,,,,,,,,,,,,,,,
677594,,R,59,0.559322033898305,0.24242424242424243,0.7575757575757576,0.2542372881355932,0.7692307692307693,0.3939393939393939,0.18181818181818182,0.8181818181818181,,,,,,,,,,,,,,,,,,,,,,,,,,,,,,
677649,,R,15,0.6666666666666666,0.1,0.9,0.13333333333333333,0.9,0.2,,,,,,,,,,,,,,,,,,,,,,,,,,,,,,,,
677800,,L,92,0.43478260869565216,0.175,0.825,0.2608695652173913,0.5918367346938775,0.2558139534883721,0.25925925925925924,0.7407407407407407,82.0,0.19444444444444445,,,,,,,,,,,,,,,,,,,,,,,,,,,,
677942,,R,44,0.4318181818181818,0.3157894736842105,0.6842105263157895,0.3181818181818182,0.6363636363636364,0.22727272727272727,,,,,,,,,,,,,,,,,,,,,,,,,,,,,,,,
677951,,R,57,0.543859649122807,0.1935483870967742,0.8064516129032258,0.22807017543859648,0.7777777777777778,0.3333333333333333,,,57.0,0.1935483870967742,0.2794615384615385,,,,,0.2,0.8,,,,,,,,,,,,,,,,,,,,,
678009,,L,8,0.5,0.5,0.5,0.5,0.75,0.25,,,,,,,,,,,,,,,,,,,,,,,,,,,,,,,,
678554,,R,35,0.45714285714285713,0.25,0.75,0.2857142857142857,0.5384615384615384,0.4090909090909091,,,,,,,,,,,,,,,,,,,,,,,,,,,,,,,,
678662,,R,92,0.6195652173913043,0.38596491228070173,0.6140350877192983,0.33695652173913043,0.7567567567567568,0.5272727272727272,0.3076923076923077,0.6923076923076923,77.0,0.375,,,,,,0.3333333333333333,0.6666666666666667,,,,,,,,,,,,,,,,,,,,,0.2184
678882,,R,76,0.5921052631578947,0.3333333333333333,0.6666666666666667,0.3157894736842105,0.7142857142857143,0.4411764705882353,0.45454545454545453,0.5454545454545454,66.0,0.3157894736842105,0.3820918032786886,,,,,,,,,,,,,,,,,,,,,,,,,,,
679032,,R,49,0.3673469387755102,0.2222222222222222,0.7777777777777778,0.3673469387755102,0.43478260869565216,0.3076923076923077,,,,,,0.16666666666666666,0.8333333333333334,,,,,,,,,,,,,,,,,,,,,,,,,
679529,,R,52,0.4230769230769231,0.22727272727272727,0.7727272727272727,0.3269230769230769,0.6333333333333333,0.13636363636363635,,,,,,,,,,,,,,,,,,,,,,,,,,,,,,,,
680118,,R,6,0.3333333333333333,0.0,1.0,0.16666666666666666,0.5,0.25,,,,,,,,,,,,,,,,,,,,,,,,,,,,,,,,
680474,,R,24,0.4166666666666667,0.3,0.7,0.375,0.5384615384615384,0.2727272727272727,,,,,,,,,,,,,,,,,,,,,,,,,,,,,,,,
680700,,L,55,0.5454545454545454,0.36666666666666664,0.6333333333333333,0.2545454545454545,0.875,0.2903225806451613,0.38461538461538464,0.6153846153846154,55.0,0.36666666666666664,,,,,,,,,,,,,,,,,,,,,,,,,,,,
680718,,L,13,0.5384615384615384,0.42857142857142855,0.5714285714285714,0.46153846153846156,0.625,0.4,,,,,,,,,,,,,,,,,,,,,,,,,,,,,,,,
680757,,L,58,0.3448275862068966,0.05,0.95,0.20689655172413793,0.6538461538461539,0.09375,0.0,1.0,50.0,0.05555555555555555,0.2879090909090909,,,,0.29900000000000004,,,,,,,,,,,,,,,,,,,,,,,
680776,,L,82,0.4268292682926829,0.22857142857142856,0.7714285714285715,0.2682926829268293,0.631578947368421,0.25,0.35714285714285715,0.6428571428571428,54.0,0.18181818181818182,0.3107272727272727,,,,,0.25,0.75,,,,,,,,,,,,,,,,,,,,,
680777,,R,61,0.36065573770491804,0.045454545454545456,0.9545454545454546,0.21311475409836064,0.5714285714285714,0.18181818181818182,,,53.0,0.05263157894736842,0.45669000000000004,0.0,1.0,,,,,,,,,,,,,,,,,,,,,,,,,
680779,,R,15,0.5333333333333333,0.5,0.5,0.3333333333333333,0.8333333333333334,0.3333333333333333,,,,,,,,,,,,,,,,,,,,,,,,,,,,,,,,
680977,,L,67,0.373134328358209,0.12,0.88,0.2537313432835821,0.5555555555555556,0.25,0.14285714285714285,0.8571428571428572,,,,,,,,,,,,,,,,,,,,,,,,,,,,,,
681082,,L,67,0.3880597014925373,0.11538461538461539,0.8846153846153846,0.26865671641791045,0.5625,0.22857142857142856,,,50.0,0.09090909090909091,,,,,,,,,,,,,,,,,,,,,,,,,,,,
681146,,R,22,0.3181818181818182,0.14285714285714285,0.8571428571428572,0.3181818181818182,0.46153846153846156,0.1111111111111111,,,,,,,,,,,,,,,,,,,,,,,,,,,,,,,,
681297,,L,54,0.3888888888888889,0.42857142857142855,0.5714285714285714,0.4074074074074074,0.5217391304347826,0.2903225806451613,,,,,,,,,,,,,,,,,,,,,,,,,,,,,,,,
681351,,R,28,0.5357142857142857,0.2,0.8,0.2857142857142857,0.7333333333333333,0.3076923076923077,,,,,,,,,,,,,,,,,,,,,,,,,,,,,,,,
681481,,L,62,0.3548387096774194,0.09090909090909091,0.9090909090909091,0.20967741935483872,0.64,0.16216216216216217,,,51.0,0.10526315789473684,,,,,,,,,,,,,,,,,,,,,,,,,,,,
681546,,L,27,0.3333333333333333,0.5555555555555556,0.4444444444444444,0.4444444444444444,0.5,0.23529411764705882,,,,,,,,,,,,,,,,,,,,,,,,,,,,,,,,
681624,,R,83,0.5542168674698795,0.21739130434782608,0.782608695652174,0.2891566265060241,0.6428571428571429,0.4634146341463415,0.0,1.0,,,,,,,0.6671864406779661,,,,,,59.0,0.22580645161290322,,,,,,,,,,,,,,,,
681807,,R,35,0.5142857142857142,0.2222222222222222,0.7777777777777778,0.22857142857142856,0.7647058823529411,0.2777777777777778,,,,,,,,,,,,,,,,,,,,,,,,,,,,,,,,
682829,,L,75,0.37333333333333335,0.42857142857142855,0.5714285714285714,0.36,0.53125,0.2558139534883721,,,,,,,,,,,,,,,,,,,,,,,,,,,,,,,,
682868,,R,14,0.42857142857142855,0.16666666666666666,0.8333333333333334,0.2857142857142857,0.5555555555555556,0.2,,,,,,,,,,,,,,,,,,,,,,,,,,,,,,,,
682928,,L,82,0.4878048780487805,0.25,0.75,0.32926829268292684,0.6153846153846154,0.37209302325581395,0.08333333333333333,0.9166666666666666,,,,,,,0.543780459030459,,,,,,,,,,,,,,,,,,,,,,,
682985,,L,70,0.4,0.2857142857142857,0.7142857142857143,0.3,0.6216216216216216,0.15151515151515152,,,51.0,0.4,,,,,,,,,,,,,,,,,,,,,,,,,,,,
682998,,L,49,0.5306122448979592,0.34615384615384615,0.6538461538461539,0.3673469387755102,0.625,0.44,0.15384615384615385,0.8461538461538461,,,,,,,0.229,,,,,,,,,,,,,,,,,,,,,,,
683002,,L,97,0.38144329896907214,0.21621621621621623,0.7837837837837838,0.29896907216494845,0.5283018867924528,0.20454545454545456,0.15789473684210525,0.8421052631578947,53.0,0.21052631578947367,,,,,0.3923571428571428,,,,,,,,,,,,,,,,,,,,,,,
683011,,R,90,0.4444444444444444,0.375,0.625,0.35555555555555557,0.5263157894736842,0.38461538461538464,0.3333333333333333,0.6666666666666667,70.0,0.44,,,,,,0.5555555555555556,0.4444444444444444,,,,,,,,,,,,,,,,,,,,,
683146,,L,93,0.4838709677419355,0.2222222222222222,0.7777777777777778,0.25806451612903225,0.7333333333333333,0.25,0.2222222222222222,0.7777777777777778,65.0,0.25806451612903225,,,,,,0.2,0.8,,,,,,,,,,,,,,,,,,,,,
683734,,R,45,0.5555555555555556,0.2,0.8,0.28888888888888886,0.6521739130434783,0.45454545454545453,0.0,1.0,,,,,,,0.3928,,,,,,,,,,,,,,,,,,,,,,,
683737,,L,86,0.46511627906976744,0.3,0.7,0.29069767441860467,0.6842105263157895,0.2916666666666667,0.3888888888888889,0.6111111111111112,74.0,0.28125,0.25526587301587306,,,,0.1696,,,,,,,,,,,,,,,,,,,,,,,
686217,,L,60,0.45,0.1111111111111111,0.8888888888888888,0.25,0.5714285714285714,0.34375,0.0,1.0,60.0,0.1111111111111111,0.21091666666666667,,,,,,,,,,,,,,,,,,,,,,,,,,,
686469,,L,65,0.47692307692307695,0.06451612903225806,0.935483870967742,0.15384615384615385,0.7428571428571429,0.16666666666666666,0.0,1.0,65.0,0.06451612903225806,0.4293055555555556,,,,,,,,,,,,,,,,,,,,,,,,,,,
686554,,L,50,0.4,0.3,0.7,0.34,0.5925925925925926,0.17391304347826086,,,50.0,0.3,,,,,,,,,,,,,,,,,,,,,,,,,,,,
686668,,R,68,0.47058823529411764,0.28125,0.71875,0.27941176470588236,0.7352941176470589,0.20588235294117646,0.6666666666666666,0.33333333333333337,51.0,0.34782608695652173,,,,,,,,,,,,,,,,,,,,,,,,,,,,
686676,,R,26,0.5384615384615384,0.35714285714285715,0.6428571428571428,0.2692307692307692,0.6842105263157895,0.14285714285714285,,,,,,,,,,,,,,,,,,,,,,,,,,,,,,,,
686681,,L,60,0.48333333333333334,0.034482758620689655,0.9655172413793104,0.18333333333333332,0.71875,0.21428571428571427,0.1,0.9,60.0,0.034482758620689655,0.35186208791208784,,,,,,,,,,,,,,,,,,,,,,,,,,,
686823,,L,46,0.5,0.13043478260869565,0.8695652173913043,0.10869565217391304,0.8823529411764706,0.27586206896551724,0.16666666666666666,0.8333333333333334,,,,,,,0.45802597402597406,,,,,,,,,,,,,,,,,,,,,,,
687093,,R,30,0.5,0.2,0.8,0.26666666666666666,0.6923076923076923,0.35294117647058826,,,,,,,,,,,,,,,,,,,,,,,,,,,,,,,,
687231,,R,58,0.5172413793103449,0.03333333333333333,0.9666666666666667,0.20689655172413793,0.7027027027027027,0.19047619047619047,,,,,,,,,,,,,,,,,,,,,,,,,,,,,,,,
687263,,R,63,0.5238095238095238,0.21212121212121213,0.7878787878787878,0.30158730158730157,0.6333333333333333,0.42424242424242425,,,51.0,0.21428571428571427,,,,,,,,,,,,,,,,,,,,,,,,,,,,
687401,,R,11,0.36363636363636365,0.0,1.0,0.2727272727272727,0.4,0.3333333333333333,,,,,,,,,,,,,,,,,,,,,,,,,,,,,,,,
687597,,R,67,0.5074626865671642,0.3235294117647059,0.6764705882352942,0.417910447761194,0.6176470588235294,0.3939393939393939,,,,,,,,,,0.18181818181818182,0.8181818181818181,,,,,,,,,,,,,,,,,,,,,
687952,,R,36,0.6944444444444444,0.2,0.8,0.25,0.8333333333333334,0.5555555555555556,,,,,,,,,,,,,,,,,,,,,,,,,,,,,,,,
688363,,L,17,0.5294117647058824,0.1111111111111111,0.8888888888888888,0.23529411764705882,0.6363636363636364,0.3333333333333333,,,,,,,,,,,,,,,,,,,,,,,,,,,,,,,,
690993,,L,49,0.40816326530612246,0.2,0.8,0.2653061224489796,0.6666666666666666,0.21428571428571427,,,,,,,,,,,,,,,,,,,,,,,,,,,,,,,,
691026,,R,71,0.4788732394366197,0.058823529411764705,0.9411764705882353,0.19718309859154928,0.6585365853658537,0.23333333333333334,0.06666666666666667,0.9333333333333333,,,,,,,0.18566666666666667,,,,,,,,,,,,,,,,,,,,,,,
691718,,L,68,0.6029411764705882,0.24390243902439024,0.7560975609756098,0.22058823529411764,0.8333333333333334,0.42105263157894735,,,58.0,0.22857142857142856,0.2710793650793651,,,,,,,,,,,,,,,,,,,,,,,,,,,
694192,,R,28,0.5714285714285714,0.1875,0.8125,0.2857142857142857,0.7058823529411765,0.36363636363636365,,,,,,,,,,,,,,,,,,,,,,,,,,,,,,,,
694384,,L,72,0.4166666666666667,0.16666666666666666,0.8333333333333334,0.25,0.6774193548387096,0.21951219512195122,0.0,1.0,62.0,0.19230769230769232,0.4304434782608696,,,,,,,,,,,,,,,,,,,,,,,,,,,
694388,,L,46,0.5217391304347826,0.2916666666666667,0.7083333333333333,0.32608695652173914,0.6956521739130435,0.34782608695652173,0.26666666666666666,0.7333333333333334,,,,,,,,,,,,,,,,,,,,,,,,,,,,,,
694497,,L,80,0.35,0.32142857142857145,0.6785714285714286,0.3875,0.5,0.14705882352941177,0.18181818181818182,0.8181818181818181,61.0,0.4,,0.16666666666666666,0.8333333333333334,,0.46283333333333326,,,,,,,,,,,,,,,,,,,,,,,
694671,,R,40,0.525,0.23809523809523808,0.7619047619047619,0.325,0.6521739130434783,0.35294117647058826,,,,,,,,,,,,,,,,,,,,,,,,,,,,,,,,
695391,,R,47,0.3191489361702128,0.2,0.8,0.3404255319148936,0.42857142857142855,0.23076923076923078,,,,,,,,,,,,,,,,,,,,,,,,,,,,,,,,
696100,,R,14,0.42857142857142855,0.3333333333333333,0.6666666666666667,0.21428571428571427,0.8571428571428571,0.0,,,,,,,,,,,,,,,,,,,,,,,,,,,,,,,,
696285,,R,53,0.2830188679245283,0.06666666666666667,0.9333333333333333,0.32075471698113206,0.39285714285714285,0.16,0.1,0.9,,,,,,,0.44416666666666665,,,,,,,,,,,,,,,,,,,,,,,
701538,,L,60,0.5166666666666667,0.12903225806451613,0.8709677419354839,0.23333333333333334,0.71875,0.2857142857142857,,,55.0,0.13793103448275862,0.3464699074074074,,,,,,,,,,,,,,,,,,,,,,,,,,,
702358,,R,60,0.35,0.2857142857142857,0.7142857142857143,0.3,0.5925925925925926,0.15151515151515152,0.0,1.0,,,,,,,0.18866666666666668,,,,,,,,,,,,,,,,,,,,,,,
808982,,L,76,0.5131578947368421,0.05128205128205128,0.9487179487179487,0.3026315789473684,0.6122448979591837,0.3333333333333333,,,52.0,0.037037037037037035,0.43473714285714277,,,,,,,,,,,,,,,,,,,,,85.86190476190477,103.0,21.428571428571427,0.31482476190476183,0.25855301587301593,0.047619047619047616,
