,Team,Age,G,AB,PA,H,1B,2B,3B,HR,R,RBI,BB,IBB,SO,HBP,SF,SH,GDP,SB,CS,AVG,GB,FB,LD,IFFB,Pitches,Balls,Strikes,IFH,BU,BUH,BB%,K%,BB/K,OBP,SLG,OPS,ISO,BABIP,GB/FB,LD%,GB%,FB%,IFFB%,HR/FB,IFH%,BUH%,wOBA,wRAA,wRC,Bat,Fld,Rep,Pos,RAR,WAR,Dol,Spd,wRC+,WPA,-WPA,+WPA,RE24,REW,pLI,phLI,PH,WPA/LI,Clutch,FB% (Pitch),FBv,SL%,SLv,CT%,CTv,CB%,CBv,CH%,CHv,SF%,SFv,KN%,KNv,XX%,PO%,wFB,wSL,wCT,wCB,wCH,wSF,wKN,wFB/C,wSL/C,wCT/C,wCB/C,wCH/C,O-Swing%,Z-Swing%,Swing%,O-Contact%,Z-Contact%,Contact%,Zone%,F-Strike%,SwStr%,BsR,O-Swing% (sc),Z-Swing% (sc),Swing% (sc),O-Contact% (sc),Z-Contact% (sc),Contact% (sc),Zone% (sc),Pace,Def,FRM,AVG+,BB%+,K%+,OBP+,SLG+,ISO+,BABIP+,LD+%,GB%+,FB%+,HR/FB%+,Pull%+,Cent%+,Oppo%+,Soft%+,Med%+,Hard%+,EV,LA,Barrels,Barrel%,maxEV,HardHit,HardHit%,Events,CStr%,CSW%,xBA,xSLG,xwOBA
0,Atlanta,29,1567,3787,4235,1027,608,191,13,215,633,612,373,14,904,43,29,1,94,88,16,0.271,1253,1099,556,76,16701,6084,10617,77,5,3,0.08800000000000001,0.213,0.41,0.341,0.499,0.84,0.228,0.301,1.14,0.191,0.431,0.37799999999999995,0.069,0.196,0.061,0.6,0.358,138.6,652,119.6,5.6,131.2,-12.5,257.9,25.8,$206.6,5.1,123,13.92,-68.37,82.29,141.22,14.26,0.93,1.21,52,14.91,0.08,0.48,93.9,0.218,84.8,0.077,89.5,0.09300000000000001,80.3,0.111,85.7,0.022000000000000002,86.2,,,0.005,,62.9,19.9,19.9,8.0,16.2,-1.0,,0.79,0.55,1.55,0.52,0.88,0.33,0.7240000000000001,0.494,0.6509999999999999,0.8320000000000001,0.7609999999999999,0.415,0.601,0.11800000000000001,2.5,0.3,0.6890000000000001,0.494,0.599,0.831,0.76,0.498,18.8,-6.9,7.1,108,100,95,105,120,138,101,0.95,101,102,153,107,97,94,83,94,117,91.4,12.3,352,0.121,118.6,1343,0.461,2915,0.142,0.259,,,
1,Tampa Bay,29,1587,3964,4448,1080,653,253,12,162,659,632,405,8,987,35,35,8,63,59,15,0.272,1169,1185,652,94,17389,6436,10953,89,14,3,0.091,0.222,0.41,0.342,0.465,0.807,0.192,0.322,0.99,0.217,0.389,0.39399999999999996,0.079,0.13699999999999998,0.076,0.214,0.347,106.2,646,116.3,23.5,137.7,-14.0,268.2,26.9,$214.9,4.6,122,10.73,-66.05,76.78,173.53,18.13,0.89,1.13,47,13.56,-1.46,0.491,93.6,0.21,84.6,0.081,89.0,0.10099999999999999,79.9,0.099,85.6,0.019,86.7,,,0.003,,38.2,34.1,7.7,12.4,28.4,3.0,,0.45,0.94,0.55,0.71,1.66,0.299,0.715,0.474,0.63,0.8690000000000001,0.7809999999999999,0.42,0.598,0.10400000000000001,-8.4,0.266,0.675,0.474,0.5660000000000001,0.861,0.78,0.508,18.7,9.4,5.0,111,109,96,108,113,117,109,1.08,92,104,110,95,104,102,90,94,113,89.9,14.1,287,0.095,115.2,1264,0.418,3021,0.155,0.258,,,
2,Texas,29,1689,3815,4397,958,545,217,15,181,642,622,472,21,968,56,46,4,61,72,14,0.251,1079,1217,594,111,17383,6587,10796,66,7,0,0.107,0.22,0.49,0.339,0.458,0.797,0.207,0.287,0.89,0.20600000000000002,0.373,0.42100000000000004,0.091,0.149,0.061,0.0,0.342,86.7,620,89.2,0.0,136.2,-12.7,236.6,23.7,$189.6,4.9,116,12.44,-70.08,82.52,153.45,16.02,0.97,1.39,125,14.57,-1.71,0.475,93.7,0.226,84.7,0.083,89.1,0.095,79.3,0.10300000000000001,85.8,0.018000000000000002,86.7,,,0.006,,50.9,10.0,-1.3,17.1,29.0,-4.0,,0.62,0.25,-0.09,1.04,1.63,0.285,0.695,0.457,0.611,0.852,0.765,0.419,0.599,0.107,11.8,0.252,0.662,0.457,0.545,0.848,0.765,0.5,18.8,-12.7,-0.4,100,122,98,105,110,125,96,1.02,87,114,116,102,97,102,97,98,105,89.4,15.9,289,0.1,112.7,1187,0.409,2901,0.16399999999999998,0.271,,,
3,Los Angeles,28,1642,3856,4318,986,606,196,17,167,597,573,368,3,991,61,28,5,73,121,34,0.256,1253,1107,519,108,16710,5969,10741,89,19,12,0.085,0.23,0.37,0.328,0.445,0.773,0.19,0.3,1.13,0.18,0.435,0.385,0.098,0.151,0.071,0.632,0.334,56.9,581,93.1,-0.9,133.7,-13.5,235.3,23.6,$188.6,5.5,118,9.93,-66.7,76.62,130.41,14.4,0.89,1.77,67,12.67,-1.58,0.45799999999999996,93.9,0.23399999999999999,84.6,0.07200000000000001,89.1,0.085,80.5,0.126,85.9,0.025,86.8,,,0.003,,37.8,15.9,-7.3,4.8,12.9,-5.1,,0.5,0.41,-0.61,0.34,0.61,0.33899999999999997,0.701,0.48700000000000004,0.604,0.843,0.7440000000000001,0.40700000000000003,0.627,0.124,10.3,0.307,0.67,0.48700000000000004,0.546,0.835,0.742,0.494,18.8,-14.4,-7.0,104,102,100,104,109,116,102,0.9,103,102,122,102,100,97,90,101,103,89.6,13.0,246,0.085,114.5,1180,0.40700000000000003,2898,0.155,0.27899999999999997,,,
4,Los Angeles,28,1636,3918,4417,999,622,185,19,173,563,543,391,19,1066,62,36,5,94,56,20,0.255,1170,1144,563,97,17328,6343,10985,65,16,4,0.08900000000000001,0.24100000000000002,0.37,0.329,0.444,0.774,0.189,0.304,1.02,0.196,0.40700000000000003,0.39799999999999996,0.085,0.151,0.055999999999999994,0.25,0.333,56.0,592,56.7,-4.1,136.8,-12.7,180.7,18.1,$144.8,4.4,111,3.04,-80.17,83.21,49.29,4.98,1.03,1.56,86,5.09,-2.13,0.479,94.3,0.247,84.5,0.061,89.2,0.08900000000000001,80.3,0.094,86.0,0.03,86.6,,,0.006,,23.9,-7.3,7.8,2.9,16.9,-1.4,,0.29,-0.17,0.73,0.19,1.04,0.327,0.718,0.489,0.578,0.8370000000000001,0.736,0.415,0.608,0.129,-8.9,0.295,0.684,0.489,0.518,0.83,0.735,0.499,18.8,-16.8,-4.4,104,106,105,104,108,116,103,0.98,96,105,122,103,96,101,92,100,104,89.9,13.9,279,0.096,117.2,1191,0.41100000000000003,2898,0.14300000000000002,0.272,,,
5,Boston,28,1616,3900,4374,1002,647,187,10,158,527,509,387,13,944,51,25,8,89,67,24,0.257,1268,1104,594,109,16767,6082,10685,67,23,9,0.08800000000000001,0.21600000000000003,0.41,0.33,0.432,0.762,0.175,0.299,1.15,0.2,0.428,0.37200000000000005,0.099,0.14300000000000002,0.053,0.391,0.33,42.5,573,54.6,-8.0,135.5,-13.2,174.2,17.4,$139.5,3.9,110,2.33,-77.52,79.85,36.74,3.97,1.01,1.93,78,7.37,-5.05,0.47200000000000003,93.6,0.24600000000000002,84.6,0.07200000000000001,89.1,0.084,79.9,0.107,86.2,0.019,86.6,,,0.004,,30.5,-8.4,14.8,2.5,-5.0,4.5,,0.39,-0.2,1.23,0.17,-0.28,0.316,0.6779999999999999,0.46799999999999997,0.629,0.863,0.7709999999999999,0.419,0.617,0.107,-6.7,0.285,0.649,0.46799999999999997,0.57,0.858,0.77,0.502,18.6,-21.1,-9.4,103,101,96,102,104,106,100,0.99,100,101,112,97,99,105,98,95,109,89.9,13.2,265,0.08900000000000001,117.5,1274,0.426,2992,0.16899999999999998,0.276,,,
6,Arizona,29,1661,3864,4299,1010,621,248,14,127,552,529,345,9,929,50,27,8,80,79,19,0.261,1273,1079,601,98,16829,6030,10799,91,17,4,0.08,0.21600000000000003,0.37,0.328,0.431,0.759,0.17,0.311,1.18,0.204,0.431,0.365,0.091,0.11800000000000001,0.071,0.235,0.328,36.5,558,17.6,-32.3,133.1,-13.6,116.7,11.7,$93.5,4.8,103,2.39,-74.97,77.36,40.98,3.97,0.99,1.55,107,3.39,-0.97,0.491,93.7,0.207,84.5,0.07,88.5,0.086,80.3,0.113,85.5,0.032,86.3,,,0.004,,13.7,-10.6,5.2,9.4,14.6,5.0,,0.17,-0.31,0.44,0.65,0.77,0.316,0.667,0.465,0.644,0.868,0.78,0.426,0.609,0.102,-0.8,0.28600000000000003,0.634,0.465,0.591,0.86,0.78,0.515,18.9,-46.0,-4.8,106,96,94,104,105,104,105,1.02,102,97,95,97,101,104,107,98,99,89.2,11.9,222,0.075,115.0,1191,0.4,2975,0.175,0.27699999999999997,,,
7,San Francisco,29,1626,3878,4391,995,654,186,18,137,579,556,410,7,1029,56,36,9,69,99,21,0.257,1255,1034,590,102,17809,6567,11242,110,15,1,0.09300000000000001,0.23399999999999999,0.4,0.334,0.42,0.753,0.163,0.312,1.21,0.205,0.436,0.359,0.099,0.132,0.08800000000000001,0.067,0.328,35.5,568,30.9,6.0,136.0,-14.8,179.5,18.0,$143.8,5.3,106,3.08,-69.41,72.49,85.54,8.85,0.92,1.47,86,8.23,-4.89,0.49200000000000005,93.7,0.215,84.5,0.07200000000000001,88.9,0.09699999999999999,79.6,0.10400000000000001,85.9,0.021,86.2,0.0,52.7,0.003,,9.6,-3.7,12.6,5.7,18.8,-0.8,-0.8,0.11,-0.1,0.99,0.33,1.02,0.297,0.675,0.45799999999999996,0.649,0.841,0.77,0.426,0.607,0.105,9.3,0.265,0.6409999999999999,0.45799999999999996,0.583,0.841,0.768,0.512,18.6,-8.7,0.5,102,106,104,103,101,99,105,1.01,102,97,103,96,106,98,111,102,91,88.6,12.1,230,0.079,114.6,1112,0.384,2896,0.17300000000000001,0.278,,,
8,Toronto,29,1691,3956,4408,1031,682,205,10,134,519,493,376,9,931,49,22,3,96,75,26,0.261,1282,1110,629,103,17104,6157,10947,92,28,17,0.085,0.21100000000000002,0.4,0.331,0.419,0.75,0.158,0.308,1.15,0.20800000000000002,0.424,0.36700000000000005,0.09300000000000001,0.121,0.07200000000000001,0.607,0.326,29.5,564,43.3,6.4,136.5,-15.0,178.4,17.9,$142.9,4.1,108,-0.88,-79.69,78.81,17.99,1.91,1.02,1.72,76,4.48,-5.34,0.49700000000000005,93.9,0.22399999999999998,84.5,0.083,88.9,0.087,79.7,0.09,85.5,0.019,86.1,,,0.004,,8.6,-3.0,-7.1,5.3,13.3,4.5,,0.1,-0.08,-0.5,0.36,0.86,0.302,0.715,0.479,0.652,0.861,0.7859999999999999,0.429,0.621,0.102,-5.7,0.262,0.679,0.479,0.589,0.855,0.785,0.521,18.9,-8.7,7.3,106,102,92,105,102,97,104,1.04,101,97,97,96,99,108,98,101,100,89.0,12.0,262,0.086,116.7,1225,0.401,3052,0.159,0.262,,,
9,St. Louis,28,1753,3925,4426,981,623,200,23,135,560,538,398,8,1062,63,25,15,72,130,33,0.25,1187,1063,617,119,17470,6486,10984,77,36,13,0.09,0.24,0.37,0.327,0.416,0.743,0.166,0.307,1.12,0.215,0.414,0.371,0.11199999999999999,0.127,0.065,0.361,0.323,19.1,556,-25.8,-21.7,137.1,-13.8,94.5,9.5,$75.7,5.7,95,0.02,-82.23,82.24,4.09,0.63,1.01,1.71,82,0.12,-0.1,0.489,93.8,0.20800000000000002,84.3,0.084,89.3,0.10099999999999999,79.2,0.098,85.9,0.019,86.2,,,0.003,,31.1,-7.0,0.4,3.7,-3.0,-4.8,,0.36,-0.19,0.02,0.21,-0.18,0.292,0.6579999999999999,0.44799999999999995,0.61,0.852,0.7609999999999999,0.42700000000000005,0.613,0.107,6.5,0.256,0.628,0.44799999999999995,0.541,0.845,0.7609999999999999,0.516,18.5,-35.5,-7.7,100,102,107,101,100,100,103,1.06,97,100,99,105,98,94,101,104,93,88.0,14.0,190,0.065,116.6,1031,0.355,2903,0.179,0.28600000000000003,,,
10,Baltimore,29,1647,3792,4346,910,559,193,10,148,525,503,464,11,946,40,33,14,87,90,23,0.24,1181,1150,525,121,17270,6503,10767,99,37,10,0.107,0.218,0.49,0.327,0.413,0.74,0.173,0.279,1.03,0.184,0.414,0.40299999999999997,0.105,0.129,0.084,0.27,0.322,14.8,542,28.4,15.3,134.6,-15.2,182.7,18.3,$146.4,4.4,105,-1.8,-75.22,73.43,27.96,2.92,0.96,1.42,89,4.78,-6.66,0.485,93.8,0.233,84.5,0.076,89.2,0.086,80.2,0.096,85.7,0.025,86.2,,,0.004,,-2.8,10.9,-13.1,6.8,16.3,-6.6,,-0.03,0.27,-1.01,0.46,0.99,0.284,0.648,0.44,0.632,0.87,0.782,0.429,0.598,0.096,7.7,0.255,0.614,0.44,0.563,0.8640000000000001,0.78,0.516,19.1,0.0,-7.3,96,121,97,101,99,105,94,0.91,97,109,100,102,103,93,103,100,98,89.5,13.6,254,0.08800000000000001,115.3,1156,0.39899999999999997,2896,0.18100000000000002,0.27699999999999997,,,
11,Philadelphia,28,1662,3856,4319,980,621,206,27,126,536,506,372,7,883,34,30,23,81,120,18,0.254,1331,1060,590,106,16852,6148,10704,78,45,13,0.086,0.204,0.42,0.323,0.42,0.743,0.165,0.297,1.26,0.198,0.446,0.35600000000000004,0.1,0.11900000000000001,0.059000000000000004,0.289,0.322,13.6,537,-2.3,10.9,133.8,-14.0,150.9,15.1,$120.9,5.8,100,5.12,-75.41,80.53,25.44,2.54,0.99,1.87,102,2.3,2.85,0.484,93.9,0.221,84.3,0.077,89.3,0.09300000000000001,79.6,0.106,85.7,0.02,86.4,,,0.004,,24.6,-9.5,-6.4,3.9,1.2,0.0,,0.3,-0.26,-0.49,0.25,0.07,0.29600000000000004,0.6679999999999999,0.455,0.65,0.883,0.7959999999999999,0.42700000000000005,0.602,0.09300000000000001,10.8,0.267,0.629,0.455,0.59,0.877,0.7959999999999999,0.519,18.7,-3.2,-8.9,102,98,91,100,101,100,99,0.98,104,96,93,101,101,96,96,99,103,88.8,11.2,198,0.065,114.3,1147,0.379,3030,0.17800000000000002,0.271,,,
12,Cincinnati,28,1695,3814,4265,966,599,217,19,131,560,543,366,9,941,31,36,16,79,77,18,0.253,1220,1112,569,111,16836,5950,10886,77,24,4,0.086,0.221,0.39,0.321,0.423,0.744,0.17,0.301,1.1,0.196,0.42100000000000004,0.38299999999999995,0.1,0.11800000000000001,0.063,0.16699999999999998,0.322,12.3,530,23.6,-12.1,132.1,-13.7,148.1,14.8,$118.6,5.1,105,9.17,-67.06,76.23,68.87,7.2,0.92,1.43,93,3.57,6.44,0.462,94.1,0.214,84.9,0.08199999999999999,89.0,0.084,80.4,0.124,85.9,0.033,86.1,0.0,74.0,0.003,,17.0,-1.9,-8.0,7.3,-7.1,5.6,0.0,0.22,-0.05,-0.58,0.52,-0.34,0.327,0.6829999999999999,0.475,0.639,0.861,0.7709999999999999,0.415,0.623,0.10800000000000001,5.7,0.297,0.652,0.475,0.583,0.855,0.77,0.502,18.8,-25.8,0.2,103,103,96,102,103,104,102,0.98,100,101,95,100,100,101,98,100,101,89.5,13.6,239,0.08199999999999999,113.8,1200,0.41,2927,0.17,0.278,,,
13,Chicago,28,1634,3918,4354,1001,642,210,21,128,523,504,358,16,1045,40,28,7,78,91,17,0.255,1219,1052,609,97,16990,6004,10986,85,28,14,0.08199999999999999,0.24,0.34,0.322,0.418,0.74,0.162,0.315,1.16,0.21100000000000002,0.423,0.365,0.092,0.122,0.07,0.5,0.32,7.6,536,-6.6,-16.4,134.8,-12.7,116.3,11.6,$93.1,5.1,99,0.24,-80.31,80.55,5.13,0.34,1.03,1.69,66,0.62,-0.38,0.48100000000000004,93.8,0.22899999999999998,84.3,0.073,89.6,0.085,80.1,0.11,86.0,0.022000000000000002,85.6,,,0.005,,0.3,12.1,-10.0,2.8,6.6,-3.7,,0.0,0.31,-0.81,0.2,0.35,0.34299999999999997,0.685,0.485,0.603,0.845,0.745,0.415,0.61,0.12300000000000001,5.3,0.315,0.6579999999999999,0.485,0.545,0.841,0.7440000000000001,0.496,18.8,-29.2,-9.9,102,93,107,100,100,98,106,1.05,99,99,95,97,99,106,92,104,98,89.3,12.9,234,0.08,114.4,1150,0.395,2911,0.159,0.28300000000000003,,,
14,New York,29,1577,3860,4322,959,621,182,9,147,545,527,375,10,903,44,29,9,85,86,21,0.248,1250,1138,584,101,16514,5948,10566,86,23,6,0.087,0.209,0.42,0.32,0.415,0.734,0.166,0.286,1.1,0.19699999999999998,0.42100000000000004,0.38299999999999995,0.08900000000000001,0.129,0.069,0.261,0.319,2.9,527,16.0,4.3,133.8,-13.0,153.8,15.4,$123.2,4.6,103,5.6,-73.33,78.94,52.26,5.61,0.97,1.78,49,1.9,3.9,0.475,94.1,0.259,84.8,0.068,88.7,0.08800000000000001,79.7,0.087,85.0,0.023,85.9,,,0.004,,8.1,-9.2,8.4,-3.1,1.5,0.1,,0.1,-0.21,0.75,-0.21,0.1,0.32799999999999996,0.6970000000000001,0.479,0.63,0.8740000000000001,0.7759999999999999,0.41,0.624,0.107,-0.1,0.295,0.664,0.48,0.5720000000000001,0.8640000000000001,0.774,0.501,19.0,-8.7,-11.8,101,104,91,101,101,101,97,0.98,100,101,104,102,102,93,99,101,98,88.7,13.1,237,0.079,116.0,1149,0.38299999999999995,3000,0.158,0.265,,,
15,Pittsburgh,28,1711,3879,4359,924,559,194,16,155,510,486,383,10,1179,66,21,10,82,59,11,0.238,1081,1047,576,101,17181,6238,10943,62,27,9,0.08800000000000001,0.27,0.32,0.316,0.416,0.732,0.178,0.3,1.03,0.213,0.4,0.387,0.096,0.14800000000000002,0.057,0.33299999999999996,0.318,-0.7,528,16.8,-5.4,135.0,-13.6,146.0,14.6,$117.0,4.6,103,-0.75,-77.91,77.16,12.65,1.48,1.01,1.49,130,2.27,-3.01,0.46799999999999997,93.6,0.22699999999999998,84.3,0.08,88.5,0.09300000000000001,80.1,0.105,85.2,0.027999999999999997,85.9,,,0.003,,4.1,-0.7,11.6,-14.3,-5.3,-9.2,,0.05,-0.02,0.85,-0.9,-0.29,0.318,0.684,0.47,0.584,0.8320000000000001,0.7340000000000001,0.41600000000000004,0.621,0.125,0.3,0.29100000000000004,0.653,0.47,0.53,0.823,0.732,0.496,18.4,-19.0,4.2,97,105,118,100,101,109,102,1.06,95,102,120,103,97,100,99,98,104,89.3,14.2,280,0.10300000000000001,117.4,1127,0.413,2731,0.166,0.29100000000000004,,,
16,Miami,28,1592,3900,4291,1011,684,203,20,104,496,470,294,2,813,56,26,12,88,83,21,0.259,1396,1081,619,118,16145,5627,10518,100,29,6,0.069,0.18899999999999997,0.36,0.318,0.402,0.72,0.142,0.301,1.29,0.2,0.451,0.349,0.109,0.096,0.07200000000000001,0.207,0.314,-15.2,505,-29.5,-24.9,132.9,-12.4,75.7,7.6,$60.6,5.0,94,0.06,-76.14,76.2,-13.54,-1.32,1.0,1.73,48,-1.1,1.16,0.457,93.7,0.23199999999999998,84.4,0.077,89.9,0.099,79.6,0.115,85.4,0.019,85.2,0.001,79.5,0.002,,5.3,-6.0,1.6,-8.1,4.0,-6.0,-0.6,0.07,-0.16,0.13,-0.51,0.22,0.341,0.695,0.488,0.6829999999999999,0.888,0.805,0.41600000000000004,0.622,0.095,-2.2,0.313,0.665,0.488,0.632,0.884,0.8029999999999999,0.498,18.6,-37.4,-14.8,104,78,84,98,97,86,101,0.99,105,94,75,101,100,97,115,100,92,87.7,11.3,185,0.059000000000000004,112.5,1090,0.348,3128,0.162,0.257,,,
17,San Diego,30,1654,3727,4220,882,573,152,16,141,493,480,371,4,888,77,32,10,82,80,9,0.237,1238,1072,551,102,16514,6114,10400,63,20,8,0.08800000000000001,0.21,0.42,0.316,0.4,0.716,0.163,0.271,1.15,0.193,0.433,0.375,0.095,0.132,0.051,0.4,0.313,-18.7,493,5.8,-9.7,130.7,-15.4,124.3,12.4,$99.6,5.1,101,0.49,-74.17,74.66,19.26,2.31,1.0,1.49,90,3.26,-2.78,0.502,93.5,0.198,84.5,0.076,88.6,0.102,79.8,0.102,86.0,0.02,87.4,,,0.003,,-2.3,-2.8,-16.8,-1.6,2.1,1.0,,-0.03,-0.09,-1.34,-0.09,0.13,0.292,0.6659999999999999,0.449,0.645,0.866,0.7829999999999999,0.42,0.61,0.09699999999999999,1.4,0.262,0.631,0.45,0.57,0.867,0.782,0.508,18.6,-25.1,9.8,95,100,94,98,96,98,91,0.95,101,101,103,100,100,100,96,104,96,89.6,12.4,236,0.08199999999999999,115.7,1175,0.40700000000000003,2884,0.179,0.27699999999999997,,,
18,Colorado,28,1628,3795,4275,895,550,199,9,137,513,495,380,9,1122,69,27,3,71,77,23,0.236,1092,1055,544,103,16949,6135,10814,71,12,2,0.08900000000000001,0.262,0.34,0.315,0.401,0.716,0.165,0.296,1.04,0.20199999999999999,0.406,0.392,0.098,0.13,0.065,0.16699999999999998,0.312,-20.1,498,14.4,11.5,132.4,-14.5,152.0,15.2,$121.8,4.4,103,0.61,-78.78,79.39,36.03,4.03,1.05,1.79,80,2.13,-1.54,0.45899999999999996,93.7,0.24600000000000002,84.6,0.067,88.9,0.09,80.1,0.10800000000000001,85.8,0.03,86.4,,,0.004,,33.1,-33.9,-20.8,1.5,1.2,-1.1,,0.43,-0.82,-1.84,0.1,0.07,0.326,0.688,0.478,0.578,0.843,0.738,0.42100000000000004,0.607,0.125,-4.4,0.28800000000000003,0.6629999999999999,0.478,0.506,0.8340000000000001,0.737,0.507,18.8,-3.0,1.3,96,107,114,100,98,101,100,1.01,96,104,105,108,95,95,111,94,104,89.4,14.6,255,0.094,116.7,1115,0.41200000000000003,2704,0.159,0.284,,,
19,Washington,29,1704,3914,4301,1027,719,186,16,106,465,444,302,17,919,34,29,19,118,60,18,0.262,1391,985,633,78,16398,5726,10672,98,34,8,0.07,0.214,0.33,0.319,0.399,0.718,0.137,0.316,1.41,0.21,0.462,0.327,0.079,0.10800000000000001,0.07,0.235,0.311,-23.3,498,-17.4,-11.3,133.2,-13.3,92.7,9.3,$74.3,4.1,97,-0.5,-78.02,77.52,-36.12,-3.69,1.02,1.43,73,-2.26,1.77,0.5,93.9,0.23399999999999999,84.6,0.07400000000000001,89.1,0.083,80.6,0.09,85.2,0.019,86.3,0.0,54.3,0.006,,-9.9,-19.0,-12.9,7.8,4.0,-8.2,0.5,-0.12,-0.5,-1.07,0.58,0.27,0.331,0.6759999999999999,0.47600000000000003,0.66,0.862,0.7809999999999999,0.42,0.615,0.10400000000000001,-10.4,0.304,0.644,0.47600000000000003,0.605,0.8590000000000001,0.779,0.506,18.3,-24.6,6.5,105,80,95,99,96,83,106,1.04,108,88,84,87,104,115,94,101,101,88.9,10.0,197,0.065,115.8,1155,0.379,3046,0.172,0.27699999999999997,,,
20,Houston,29,1633,3824,4220,958,617,215,14,112,487,466,313,6,1055,42,33,7,93,42,14,0.251,1151,1021,620,99,16439,5787,10652,72,17,6,0.07400000000000001,0.25,0.3,0.312,0.402,0.714,0.151,0.314,1.13,0.222,0.41200000000000003,0.366,0.09699999999999999,0.11,0.063,0.353,0.31,-28.3,483,-112.1,-13.1,130.7,-12.9,-11.1,-1.1,($8.9),4.0,79,-6.31,-73.71,67.4,-85.35,-7.96,0.94,1.68,70,-9.41,2.67,0.48200000000000004,93.8,0.226,84.4,0.075,88.9,0.08800000000000001,79.6,0.11599999999999999,85.4,0.013000000000000001,85.9,,,0.003,,-10.8,-13.1,6.5,-1.4,-14.1,-1.9,,-0.14,-0.35,0.53,-0.1,-0.74,0.34299999999999997,0.7120000000000001,0.49700000000000005,0.5820000000000001,0.84,0.736,0.41700000000000004,0.614,0.131,-15.2,0.316,0.6759999999999999,0.49700000000000005,0.522,0.833,0.735,0.502,18.3,-25.9,-11.1,100,84,111,96,97,91,105,1.1,96,99,86,103,97,101,102,96,105,88.0,13.4,207,0.07400000000000001,115.3,1020,0.363,2810,0.15,0.281,,,
21,Minnesota,29,1703,3836,4321,919,597,186,9,127,508,494,384,13,1074,58,28,13,73,46,13,0.24,1138,1063,555,115,16906,6158,10748,53,47,21,0.08900000000000001,0.249,0.36,0.316,0.392,0.708,0.153,0.297,1.07,0.201,0.413,0.386,0.10800000000000001,0.11900000000000001,0.047,0.447,0.309,-30.7,493,-28.1,23.9,133.8,-14.5,130.9,13.1,$104.9,3.9,95,1.57,-74.74,76.31,9.24,0.96,0.99,1.5,129,0.04,1.54,0.475,93.8,0.196,84.5,0.085,89.5,0.098,79.8,0.122,85.7,0.025,85.7,,,0.005,,-8.8,-22.4,6.2,2.2,-3.4,-2.3,,-0.11,-0.68,0.43,0.13,-0.16,0.306,0.691,0.466,0.599,0.8440000000000001,0.75,0.41700000000000004,0.623,0.11599999999999999,3.9,0.276,0.6559999999999999,0.467,0.531,0.84,0.7490000000000001,0.502,18.7,9.4,9.9,96,101,110,98,94,92,100,1.0,97,104,93,103,97,99,102,102,97,88.8,14.1,249,0.08900000000000001,116.6,1112,0.396,2805,0.166,0.282,,,
22,New York,29,1663,3736,4190,866,545,151,12,158,492,473,378,13,943,35,34,7,84,69,24,0.232,1172,1089,549,109,16428,5982,10446,61,23,8,0.09,0.225,0.4,0.306,0.406,0.711,0.174,0.265,1.08,0.195,0.41700000000000004,0.38799999999999996,0.1,0.145,0.052000000000000005,0.348,0.308,-34.1,474,-20.4,22.3,129.8,-13.1,121.4,12.2,$97.2,4.4,96,-1.31,-69.31,68.0,-0.2,0.31,0.92,1.91,64,1.04,-2.47,0.465,94.0,0.24,84.7,0.077,89.1,0.09,79.9,0.098,85.4,0.03,87.0,,,0.005,,6.9,-27.7,-11.2,-8.6,2.8,0.1,,0.09,-0.7,-0.89,-0.58,0.18,0.306,0.662,0.457,0.619,0.852,0.762,0.424,0.605,0.10800000000000001,-9.5,0.27,0.632,0.457,0.555,0.8440000000000001,0.7609999999999999,0.516,18.8,9.2,14.9,94,108,98,97,99,106,90,0.97,99,103,117,102,103,92,97,101,100,89.7,13.4,266,0.094,118.3,1166,0.41100000000000003,2834,0.179,0.287,,,
23,Seattle,27,1692,3738,4223,881,555,193,20,113,470,449,388,3,998,42,34,20,64,87,32,0.236,1187,1004,555,100,16611,6224,10387,83,48,9,0.092,0.23600000000000002,0.39,0.312,0.389,0.701,0.153,0.289,1.18,0.20199999999999999,0.43200000000000005,0.366,0.1,0.113,0.07,0.188,0.307,-41.1,471,-50.1,11.0,130.8,-13.1,89.6,9.0,$71.8,4.8,90,-3.33,-73.49,70.15,-33.8,-3.81,0.98,1.36,117,-3.73,0.33,0.46299999999999997,93.7,0.218,84.7,0.08800000000000001,89.7,0.09300000000000001,79.8,0.11599999999999999,85.3,0.022000000000000002,85.7,,,0.003,,3.1,-33.5,-14.6,18.1,-2.3,-2.6,,0.04,-0.93,-1.0,1.18,-0.12,0.285,0.679,0.451,0.595,0.846,0.754,0.42,0.613,0.111,-0.6,0.254,0.644,0.451,0.5329999999999999,0.8390000000000001,0.754,0.505,18.5,-2.1,18.7,94,104,105,97,93,92,97,1.0,101,99,88,102,98,99,99,103,95,89.2,12.3,216,0.077,115.8,1128,0.40399999999999997,2795,0.17300000000000001,0.28300000000000003,,,
24,Milwaukee,28,1669,3797,4275,889,590,168,10,121,489,469,406,9,1026,40,26,3,93,90,24,0.234,1240,1009,543,109,17178,6343,10835,77,8,3,0.095,0.24,0.4,0.313,0.379,0.692,0.145,0.287,1.23,0.19399999999999998,0.444,0.361,0.10800000000000001,0.12,0.062,0.375,0.304,-50.5,468,-59.3,42.0,132.4,-14.8,109.0,10.9,$87.3,4.4,89,-3.33,-75.16,71.84,-23.58,-2.26,0.97,1.25,92,-2.74,-0.67,0.466,93.5,0.21899999999999997,84.4,0.079,89.5,0.09699999999999999,79.4,0.115,85.5,0.023,85.9,0.0,68.5,0.004,,-37.8,-17.3,-0.1,-2.8,4.5,-4.7,-0.3,-0.47,-0.46,-0.01,-0.17,0.23,0.301,0.664,0.45299999999999996,0.623,0.8420000000000001,0.757,0.419,0.605,0.11,-3.0,0.265,0.633,0.45299999999999996,0.56,0.836,0.757,0.511,18.6,27.2,16.2,94,108,107,97,91,88,96,0.96,104,98,94,96,105,99,109,98,100,88.5,11.5,218,0.078,114.8,1063,0.379,2803,0.177,0.287,,,
25,Cleveland,27,1653,3872,4276,965,653,206,22,84,459,430,331,26,787,36,28,9,84,92,23,0.249,1351,1066,673,112,16330,5700,10630,100,32,7,0.077,0.184,0.42,0.312,0.379,0.691,0.13,0.291,1.27,0.218,0.43700000000000006,0.345,0.105,0.079,0.07400000000000001,0.21899999999999997,0.301,-61.0,458,-51.7,-4.5,132.4,-13.6,77.1,7.7,$61.8,5.0,90,-2.93,-81.73,78.8,-44.57,-4.66,1.07,1.87,55,-4.08,1.34,0.502,93.4,0.205,84.1,0.069,88.7,0.1,79.8,0.107,85.1,0.016,85.9,,,0.006999999999999999,,-39.5,-6.7,3.6,-5.0,-5.3,-0.7,,-0.48,-0.2,0.32,-0.31,-0.3,0.353,0.687,0.49200000000000005,0.6920000000000001,0.88,0.802,0.41700000000000004,0.615,0.09699999999999999,2.0,0.327,0.655,0.49200000000000005,0.645,0.878,0.8009999999999999,0.504,18.7,-18.1,-0.6,101,93,80,99,92,79,99,1.09,104,91,64,92,106,106,112,109,81,87.6,11.7,155,0.05,114.4,1027,0.32899999999999996,3122,0.157,0.255,,,
26,Chicago,28,1670,3854,4241,921,593,190,30,108,451,433,284,8,998,55,36,11,61,112,27,0.239,1166,1114,598,115,16215,5585,10630,77,25,10,0.067,0.235,0.28,0.298,0.388,0.686,0.149,0.292,1.05,0.20800000000000002,0.405,0.387,0.10300000000000001,0.09699999999999999,0.066,0.4,0.298,-71.7,443,-78.4,12.4,131.3,-13.4,69.7,7.0,$55.8,5.8,84,-8.13,-80.9,72.77,-61.09,-6.39,1.04,1.7,69,-5.84,-1.95,0.467,93.9,0.21600000000000003,84.7,0.079,88.6,0.095,80.2,0.11199999999999999,85.3,0.031,85.7,,,0.004,,-26.7,-15.7,-3.2,-10.7,0.6,-5.1,,-0.35,-0.45,-0.25,-0.7,0.03,0.342,0.7090000000000001,0.496,0.606,0.847,0.75,0.42,0.632,0.124,5.2,0.316,0.6729999999999999,0.496,0.552,0.84,0.7490000000000001,0.504,18.5,-1.0,-4.3,97,80,102,94,95,91,99,1.04,96,102,78,103,97,99,97,97,106,89.4,13.3,242,0.083,113.8,1182,0.40700000000000003,2904,0.158,0.282,,,
27,Kansas City,29,1707,3916,4283,928,606,185,11,126,470,456,280,14,1023,46,24,12,82,69,16,0.237,1342,997,563,95,16145,5521,10624,92,27,6,0.065,0.239,0.27,0.294,0.386,0.68,0.149,0.287,1.35,0.19399999999999998,0.462,0.344,0.095,0.126,0.069,0.222,0.295,-81.5,438,-74.4,-7.8,132.6,-13.9,49.2,4.9,$39.4,4.6,85,-5.97,-80.02,74.04,-43.54,-4.66,1.04,1.75,78,-6.66,0.93,0.44,93.6,0.252,84.5,0.073,88.7,0.09300000000000001,79.7,0.109,85.6,0.034,86.0,,,0.005,,-17.9,-29.0,-5.7,-7.4,-7.6,-11.7,,-0.25,-0.71,-0.49,-0.5,-0.43,0.368,0.69,0.501,0.595,0.855,0.742,0.413,0.645,0.129,0.1,0.337,0.667,0.501,0.539,0.846,0.742,0.496,18.2,-21.8,5.0,96,78,104,93,94,91,97,0.97,110,91,102,98,101,101,107,103,93,88.6,10.7,218,0.07400000000000001,118.2,1105,0.377,2934,0.156,0.285,,,
28,Detroit,28,1697,3826,4225,891,595,175,17,104,443,428,343,6,1001,26,23,6,78,50,16,0.233,1229,1066,548,109,16512,5770,10742,73,11,4,0.081,0.237,0.34,0.299,0.369,0.668,0.136,0.287,1.15,0.193,0.43200000000000005,0.375,0.102,0.098,0.059000000000000004,0.364,0.293,-89.2,423,-73.0,3.3,130.8,-14.7,56.5,5.7,$45.3,4.3,85,-5.35,-74.4,69.05,-57.83,-6.18,0.99,1.41,135,-7.54,2.12,0.485,93.8,0.228,84.2,0.068,88.6,0.08800000000000001,79.8,0.109,85.1,0.022000000000000002,86.8,,,0.004,,-58.5,-11.5,2.2,-0.5,-7.0,-7.1,,-0.73,-0.31,0.2,-0.03,-0.39,0.33,0.701,0.48700000000000004,0.615,0.853,0.76,0.424,0.628,0.11599999999999999,-2.4,0.301,0.6629999999999999,0.48700000000000004,0.5529999999999999,0.8490000000000001,0.76,0.513,18.5,-11.4,7.4,95,97,103,94,90,83,97,0.96,103,99,79,97,103,101,101,98,103,89.2,12.5,226,0.079,114.4,1155,0.405,2855,0.163,0.27899999999999997,,,
29,Oakland,28,1709,3737,4229,829,547,154,18,110,407,392,376,10,1044,59,27,24,88,106,22,0.222,1160,1026,492,104,16277,5796,10481,69,66,16,0.08900000000000001,0.247,0.36,0.301,0.361,0.662,0.139,0.275,1.13,0.184,0.433,0.38299999999999995,0.10099999999999999,0.107,0.059000000000000004,0.242,0.292,-93.2,420,-57.0,-20.9,131.0,-14.6,46.2,4.6,$37.0,5.0,89,-8.97,-81.28,72.31,-74.78,-8.34,1.07,1.58,131,-5.96,-2.41,0.486,94.0,0.22699999999999998,84.4,0.066,88.8,0.085,80.3,0.11199999999999999,85.5,0.024,86.0,,,0.004,,-43.1,-24.0,-4.0,-7.2,-17.7,-1.4,,-0.55,-0.65,-0.37,-0.52,-0.98,0.316,0.677,0.47100000000000003,0.565,0.843,0.737,0.429,0.633,0.124,-4.7,0.28300000000000003,0.649,0.47100000000000003,0.493,0.836,0.736,0.514,18.1,-35.5,-12.6,90,107,107,95,88,85,93,0.92,103,101,87,105,95,99,103,105,90,88.0,13.1,186,0.068,113.9,939,0.341,2750,0.168,0.292,,,
